#options: 1080x1920 fps=30/1 timebase=1/30 bitdepth=8 cabac=1 ref=1 deblock=1:0:0 analyse=0x1:0 me=dia subme=2 psy=1 psy_rd=1.00:0.00 mixed_ref=0 me_range=16 chroma_me=1 trellis=0 8x8dct=0 cqm=0 deadzone=21,11 fast_pskip=1 chroma_qp_offset=0 threads=6 lookahead_threads=2 sliced_threads=0 nr=0 decimate=1 interlaced=0 bluray_compat=0 constrained_intra=0 bframes=3 b_pyramid=2 b_adapt=1 b_bias=0 direct=1 weightb=1 open_gop=0 weightp=2 keyint=250 keyint_min=25 scenecut=40 intra_refresh=0 rc_lookahead=40 rc=abr mbtree=1 bitrate=2200 ratetol=1.0 qcomp=0.60 qpmin=0 qpmax=69 qpstep=4 ip_ratio=1.40 aq=1:1.00
in:0 out:0 type:I dur:2 cpbdur:2 q:32.69 aq:26.80 tex:167271 mv:92585 misc:6272 imb:8160 pmb:0 smb:0 d:- ref:;
in:4 out:1 type:P dur:2 cpbdur:2 q:33.37 aq:29.02 tex:115522 mv:49330 misc:3836 imb:2756 pmb:2594 smb:2810 d:- ref:0 ;
in:2 out:2 type:B dur:2 cpbdur:2 q:33.37 aq:29.59 tex:37561 mv:36558 misc:5881 imb:539 pmb:2806 smb:4815 d:- ref:0 ;
in:1 out:3 type:b dur:2 cpbdur:2 q:33.37 aq:30.62 tex:14886 mv:29173 misc:5973 imb:386 pmb:2654 smb:5120 d:- ref:0 ;
in:3 out:4 type:b dur:2 cpbdur:2 q:33.37 aq:30.39 tex:10571 mv:19585 misc:5164 imb:225 pmb:1743 smb:6192 d:- ref:0 ;
in:8 out:5 type:P dur:2 cpbdur:2 q:33.59 aq:29.03 tex:128783 mv:46837 misc:3724 imb:3157 pmb:2238 smb:2765 d:- ref:0 ;
in:6 out:6 type:B dur:2 cpbdur:2 q:33.48 aq:29.83 tex:38413 mv:40121 misc:5962 imb:706 pmb:2770 smb:4684 d:- ref:0 ;
in:5 out:7 type:b dur:2 cpbdur:2 q:33.43 aq:30.76 tex:14747 mv:23893 misc:5608 imb:289 pmb:2028 smb:5843 d:- ref:0 ;
in:7 out:8 type:b dur:2 cpbdur:2 q:33.54 aq:30.99 tex:12915 mv:24004 misc:5833 imb:288 pmb:2043 smb:5829 d:- ref:0 ;
in:12 out:9 type:P dur:2 cpbdur:2 q:38.64 aq:34.44 tex:63765 mv:32762 misc:4929 imb:2809 pmb:1610 smb:3741 d:- ref:0 ;
in:10 out:10 type:B dur:2 cpbdur:2 q:36.12 aq:32.71 tex:22593 mv:32717 misc:6026 imb:722 pmb:2294 smb:5144 d:- ref:0 ;
in:9 out:11 type:b dur:2 cpbdur:2 q:34.86 aq:31.77 tex:13670 mv:28185 misc:6185 imb:401 pmb:2307 smb:5452 d:- ref:0 ;
in:11 out:12 type:b dur:2 cpbdur:2 q:37.38 aq:34.57 tex:9653 mv:20070 misc:5789 imb:314 pmb:1718 smb:6128 d:- ref:0 ;
in:16 out:13 type:P dur:2 cpbdur:2 q:37.16 aq:32.47 tex:66465 mv:37826 misc:4013 imb:4009 pmb:1651 smb:2500 d:- ref:0 ;
in:14 out:14 type:B dur:2 cpbdur:2 q:37.90 aq:34.25 tex:19761 mv:32275 misc:5964 imb:982 pmb:1964 smb:5214 d:- ref:0 ;
in:13 out:15 type:b dur:2 cpbdur:2 q:38.27 aq:35.24 tex:12248 mv:27173 misc:6259 imb:693 pmb:2087 smb:5380 d:- ref:0 ;
in:15 out:16 type:b dur:2 cpbdur:2 q:37.53 aq:34.21 tex:12603 mv:25153 misc:6180 imb:745 pmb:1782 smb:5633 d:- ref:0 ;
in:20 out:17 type:P dur:2 cpbdur:2 q:36.56 aq:31.78 tex:66727 mv:39303 misc:4674 imb:3810 pmb:1773 smb:2577 d:- ref:0 ;
in:18 out:18 type:B dur:2 cpbdur:2 q:36.86 aq:33.08 tex:23992 mv:33396 misc:6420 imb:1047 pmb:2070 smb:5043 d:- ref:0 ;
in:17 out:19 type:b dur:2 cpbdur:2 q:37.01 aq:34.05 tex:11414 mv:24507 misc:6247 imb:552 pmb:1857 smb:5751 d:- ref:0 ;
in:19 out:20 type:b dur:2 cpbdur:2 q:36.71 aq:33.51 tex:9323 mv:22007 misc:5790 imb:450 pmb:1666 smb:6044 d:- ref:0 ;
in:24 out:21 type:P dur:2 cpbdur:2 q:36.43 aq:31.55 tex:63826 mv:35435 misc:4883 imb:3717 pmb:1568 smb:2875 d:- ref:0 ;
in:22 out:22 type:B dur:2 cpbdur:2 q:36.49 aq:32.40 tex:28156 mv:36360 misc:6220 imb:1459 pmb:1908 smb:4793 d:- ref:0 ;
in:21 out:23 type:b dur:2 cpbdur:2 q:36.53 aq:32.84 tex:12507 mv:26701 misc:6312 imb:678 pmb:1956 smb:5526 d:- ref:0 ;
in:23 out:24 type:b dur:2 cpbdur:2 q:36.46 aq:31.83 tex:12920 mv:23937 misc:5799 imb:669 pmb:1657 smb:5834 d:- ref:0 ;
in:28 out:25 type:P dur:2 cpbdur:2 q:36.31 aq:31.17 tex:56944 mv:35213 misc:5003 imb:3762 pmb:1483 smb:2915 d:- ref:0 ;
in:26 out:26 type:B dur:2 cpbdur:2 q:36.37 aq:32.09 tex:23395 mv:33153 misc:6372 imb:1077 pmb:1985 smb:5098 d:- ref:0 ;
in:25 out:27 type:b dur:2 cpbdur:2 q:36.40 aq:32.30 tex:13472 mv:25291 misc:5869 imb:743 pmb:1721 smb:5696 d:- ref:0 ;
in:27 out:28 type:b dur:2 cpbdur:2 q:36.34 aq:32.41 tex:19125 mv:28708 misc:6183 imb:966 pmb:1792 smb:5402 d:- ref:0 ;
in:32 out:29 type:P dur:2 cpbdur:2 q:36.12 aq:31.00 tex:74855 mv:40219 misc:4582 imb:4283 pmb:1564 smb:2313 d:- ref:0 ;
in:30 out:30 type:B dur:2 cpbdur:2 q:36.21 aq:31.57 tex:26597 mv:35666 misc:6713 imb:1260 pmb:2130 smb:4770 d:- ref:0 ;
in:29 out:31 type:b dur:2 cpbdur:2 q:36.26 aq:32.27 tex:22541 mv:30924 misc:6343 imb:1016 pmb:1993 smb:5151 d:- ref:0 ;
in:31 out:32 type:b dur:2 cpbdur:2 q:36.17 aq:31.94 tex:17213 mv:25926 misc:6085 imb:790 pmb:1781 smb:5589 d:- ref:0 ;
in:36 out:33 type:P dur:2 cpbdur:2 q:35.93 aq:30.51 tex:96774 mv:41182 misc:3996 imb:4649 pmb:1428 smb:2083 d:- ref:0 ;
in:34 out:34 type:B dur:2 cpbdur:2 q:36.02 aq:31.41 tex:32626 mv:37186 misc:6868 imb:1286 pmb:2258 smb:4616 d:- ref:0 ;
in:33 out:35 type:b dur:2 cpbdur:2 q:36.07 aq:32.08 tex:18156 mv:29186 misc:6442 imb:828 pmb:1950 smb:5382 d:- ref:0 ;
in:35 out:36 type:b dur:2 cpbdur:2 q:35.98 aq:31.64 tex:14794 mv:23580 misc:6034 imb:663 pmb:1662 smb:5835 d:- ref:0 ;
in:40 out:37 type:P dur:2 cpbdur:2 q:36.08 aq:30.76 tex:82662 mv:39047 misc:4187 imb:4284 pmb:1472 smb:2404 d:- ref:0 ;
in:38 out:38 type:B dur:2 cpbdur:2 q:36.01 aq:31.01 tex:26732 mv:37040 misc:6932 imb:1334 pmb:2196 smb:4630 d:- ref:0 ;
in:37 out:39 type:b dur:2 cpbdur:2 q:35.97 aq:31.84 tex:14143 mv:24053 misc:6132 imb:666 pmb:1750 smb:5744 d:- ref:0 ;
in:39 out:40 type:b dur:2 cpbdur:2 q:36.05 aq:31.71 tex:12151 mv:23300 misc:6117 imb:647 pmb:1690 smb:5823 d:- ref:0 ;
in:44 out:41 type:P dur:2 cpbdur:2 q:36.22 aq:30.68 tex:56259 mv:34872 misc:5237 imb:3485 pmb:1547 smb:3128 d:- ref:0 ;
in:42 out:42 type:B dur:2 cpbdur:2 q:36.15 aq:31.33 tex:18062 mv:29830 misc:6556 imb:1010 pmb:1932 smb:5218 d:- ref:0 ;
in:41 out:43 type:b dur:2 cpbdur:2 q:36.12 aq:31.93 tex:13953 mv:26638 misc:6193 imb:895 pmb:1806 smb:5459 d:- ref:0 ;
in:43 out:44 type:b dur:2 cpbdur:2 q:36.19 aq:32.29 tex:9831 mv:20185 misc:5696 imb:524 pmb:1472 smb:6164 d:- ref:0 ;
in:48 out:45 type:P dur:2 cpbdur:2 q:36.13 aq:30.65 tex:75983 mv:35100 misc:5037 imb:3802 pmb:1354 smb:3004 d:- ref:0 ;
in:46 out:46 type:B dur:2 cpbdur:2 q:36.17 aq:31.05 tex:22589 mv:32016 misc:6579 imb:1033 pmb:2025 smb:5102 d:- ref:0 ;
in:45 out:47 type:b dur:2 cpbdur:2 q:36.20 aq:31.55 tex:10045 mv:20777 misc:5962 imb:546 pmb:1676 smb:5938 d:- ref:0 ;
in:47 out:48 type:b dur:2 cpbdur:2 q:36.15 aq:31.69 tex:11103 mv:21815 misc:5746 imb:691 pmb:1475 smb:5994 d:- ref:0 ;
in:52 out:49 type:P dur:2 cpbdur:2 q:35.92 aq:30.38 tex:95565 mv:39724 misc:4815 imb:3844 pmb:1689 smb:2627 d:- ref:0 ;
in:50 out:50 type:B dur:2 cpbdur:2 q:36.02 aq:31.23 tex:21095 mv:32368 misc:6673 imb:961 pmb:2209 smb:4990 d:- ref:0 ;
in:49 out:51 type:b dur:2 cpbdur:2 q:36.08 aq:31.65 tex:11442 mv:24626 misc:5988 imb:608 pmb:1727 smb:5825 d:- ref:0 ;
in:51 out:52 type:b dur:2 cpbdur:2 q:35.97 aq:32.04 tex:11684 mv:21395 misc:5721 imb:643 pmb:1529 smb:5988 d:- ref:0 ;
in:56 out:53 type:P dur:2 cpbdur:2 q:35.80 aq:30.18 tex:62679 mv:36118 misc:5035 imb:3466 pmb:1663 smb:3031 d:- ref:0 ;
in:54 out:54 type:B dur:2 cpbdur:2 q:35.86 aq:30.75 tex:22515 mv:32916 misc:6513 imb:1125 pmb:2036 smb:4999 d:- ref:0 ;
in:53 out:55 type:b dur:2 cpbdur:2 q:35.89 aq:31.03 tex:11645 mv:21679 misc:5644 imb:672 pmb:1521 smb:5967 d:- ref:0 ;
in:55 out:56 type:b dur:2 cpbdur:2 q:35.83 aq:31.32 tex:12595 mv:23464 misc:5973 imb:658 pmb:1739 smb:5763 d:- ref:0 ;
in:60 out:57 type:P dur:2 cpbdur:2 q:35.71 aq:30.15 tex:60541 mv:36109 misc:5038 imb:3585 pmb:1651 smb:2924 d:- ref:0 ;
in:58 out:58 type:B dur:2 cpbdur:2 q:35.75 aq:30.70 tex:22833 mv:33363 misc:6692 imb:1177 pmb:2094 smb:4889 d:- ref:0 ;
in:57 out:59 type:b dur:2 cpbdur:2 q:35.77 aq:32.57 tex:13048 mv:23269 misc:5731 imb:705 pmb:1668 smb:5787 d:- ref:0 ;
in:59 out:60 type:b dur:2 cpbdur:2 q:35.73 aq:32.09 tex:10043 mv:20814 misc:5847 imb:520 pmb:1598 smb:6042 d:- ref:0 ;
in:64 out:61 type:P dur:2 cpbdur:2 q:35.52 aq:30.05 tex:59636 mv:35046 misc:4790 imb:3429 pmb:1548 smb:3183 d:- ref:0 ;
in:62 out:62 type:B dur:2 cpbdur:2 q:35.61 aq:31.20 tex:20735 mv:32026 misc:6575 imb:944 pmb:2110 smb:5106 d:- ref:0 ;
in:61 out:63 type:b dur:2 cpbdur:2 q:35.66 aq:31.00 tex:16517 mv:29390 misc:6645 imb:928 pmb:2087 smb:5145 d:- ref:0 ;
in:63 out:64 type:b dur:2 cpbdur:2 q:35.57 aq:31.28 tex:14995 mv:27630 misc:6527 imb:845 pmb:1979 smb:5336 d:- ref:0 ;
in:68 out:65 type:P dur:2 cpbdur:2 q:35.37 aq:29.85 tex:69488 mv:37620 misc:4924 imb:3649 pmb:1700 smb:2811 d:- ref:0 ;
in:66 out:66 type:B dur:2 cpbdur:2 q:35.44 aq:31.34 tex:25184 mv:34475 misc:6461 imb:1149 pmb:2112 smb:4899 d:- ref:0 ;
in:65 out:67 type:b dur:2 cpbdur:2 q:35.48 aq:31.40 tex:17873 mv:29357 misc:6402 imb:848 pmb:2132 smb:5180 d:- ref:0 ;
in:67 out:68 type:b dur:2 cpbdur:2 q:35.41 aq:31.72 tex:12974 mv:23479 misc:5795 imb:655 pmb:1627 smb:5878 d:- ref:0 ;
in:72 out:69 type:P dur:2 cpbdur:2 q:35.26 aq:29.68 tex:60626 mv:35962 misc:4900 imb:3521 pmb:1659 smb:2980 d:- ref:0 ;
in:70 out:70 type:B dur:2 cpbdur:2 q:35.31 aq:30.91 tex:26216 mv:34931 misc:6765 imb:1256 pmb:2035 smb:4869 d:- ref:0 ;
in:69 out:71 type:b dur:2 cpbdur:2 q:35.34 aq:31.02 tex:14104 mv:25020 misc:6100 imb:754 pmb:1765 smb:5641 d:- ref:0 ;
in:71 out:72 type:b dur:2 cpbdur:2 q:35.29 aq:31.24 tex:18921 mv:26861 misc:6378 imb:821 pmb:1854 smb:5485 d:- ref:0 ;
in:76 out:73 type:P dur:2 cpbdur:2 q:35.22 aq:29.58 tex:52607 mv:34650 misc:4959 imb:3486 pmb:1595 smb:3079 d:- ref:0 ;
in:74 out:74 type:B dur:2 cpbdur:2 q:35.24 aq:31.11 tex:23587 mv:29072 misc:6309 imb:931 pmb:1902 smb:5327 d:- ref:0 ;
in:73 out:75 type:b dur:2 cpbdur:2 q:35.25 aq:31.46 tex:16466 mv:25625 misc:6013 imb:711 pmb:1730 smb:5719 d:- ref:0 ;
in:75 out:76 type:b dur:2 cpbdur:2 q:35.23 aq:30.80 tex:16757 mv:25237 misc:6158 imb:802 pmb:1690 smb:5668 d:- ref:0 ;
in:80 out:77 type:P dur:2 cpbdur:2 q:35.10 aq:29.04 tex:50257 mv:34483 misc:4652 imb:3569 pmb:1484 smb:3107 d:- ref:0 ;
in:78 out:78 type:B dur:2 cpbdur:2 q:35.16 aq:30.45 tex:15828 mv:25729 misc:6163 imb:743 pmb:1786 smb:5631 d:- ref:0 ;
in:77 out:79 type:b dur:2 cpbdur:2 q:35.19 aq:30.12 tex:13288 mv:25558 misc:6130 imb:636 pmb:2094 smb:5430 d:- ref:0 ;
in:79 out:80 type:b dur:2 cpbdur:2 q:35.13 aq:30.18 tex:12352 mv:22288 misc:6016 imb:690 pmb:1592 smb:5878 d:- ref:0 ;
in:84 out:81 type:P dur:2 cpbdur:2 q:34.97 aq:29.38 tex:54827 mv:36270 misc:4815 imb:3764 pmb:1413 smb:2983 d:- ref:0 ;
in:82 out:82 type:B dur:2 cpbdur:2 q:35.04 aq:30.08 tex:23325 mv:32271 misc:6444 imb:1065 pmb:2064 smb:5031 d:- ref:0 ;
in:81 out:83 type:b dur:2 cpbdur:2 q:35.07 aq:30.97 tex:12389 mv:23354 misc:6009 imb:674 pmb:1723 smb:5763 d:- ref:0 ;
in:83 out:84 type:b dur:2 cpbdur:2 q:35.00 aq:30.28 tex:17136 mv:27830 misc:6282 imb:875 pmb:1798 smb:5487 d:- ref:0 ;
in:88 out:85 type:P dur:2 cpbdur:2 q:34.81 aq:29.76 tex:64000 mv:35988 misc:4340 imb:4084 pmb:1273 smb:2803 d:- ref:0 ;
in:86 out:86 type:B dur:2 cpbdur:2 q:34.89 aq:29.45 tex:26092 mv:37832 misc:6644 imb:1361 pmb:2327 smb:4472 d:- ref:0 ;
in:85 out:87 type:b dur:2 cpbdur:2 q:34.93 aq:30.50 tex:16842 mv:27267 misc:6507 imb:957 pmb:1894 smb:5309 d:- ref:0 ;
in:87 out:88 type:b dur:2 cpbdur:2 q:34.85 aq:30.32 tex:28978 mv:35714 misc:6356 imb:1364 pmb:2132 smb:4664 d:- ref:0 ;
in:89 out:89 type:P dur:2 cpbdur:2 q:34.67 aq:29.90 tex:45130 mv:31807 misc:5631 imb:2957 pmb:1405 smb:3798 d:- ref:0 ;
in:90 out:90 type:I dur:2 cpbdur:2 q:32.39 aq:22.75 tex:174438 mv:60822 misc:652 imb:8160 pmb:0 smb:0 d:- ref:;
in:94 out:91 type:P dur:2 cpbdur:2 q:35.01 aq:23.59 tex:4526 mv:4968 misc:3202 imb:286 pmb:575 smb:7299 d:- ref:0 ;
in:92 out:92 type:B dur:2 cpbdur:2 q:35.01 aq:24.46 tex:473 mv:439 misc:768 imb:19 pmb:63 smb:8078 d:- ref:0 ;
in:91 out:93 type:b dur:2 cpbdur:2 q:35.01 aq:28.10 tex:971 mv:347 misc:602 imb:26 pmb:40 smb:8094 d:- ref:0 ;
in:93 out:94 type:b dur:2 cpbdur:2 q:35.01 aq:25.90 tex:144 mv:79 misc:465 imb:5 pmb:6 smb:8149 d:- ref:0 ;
in:98 out:95 type:P dur:2 cpbdur:2 q:34.92 aq:24.35 tex:10085 mv:5292 misc:3199 imb:175 pmb:675 smb:7310 d:- ref:0 ;
in:96 out:96 type:B dur:2 cpbdur:2 q:34.96 aq:23.24 tex:211 mv:193 misc:628 imb:10 pmb:27 smb:8123 d:- ref:0 ;
in:95 out:97 type:b dur:2 cpbdur:2 q:34.99 aq:20.40 tex:74 mv:97 misc:469 imb:6 pmb:7 smb:8147 d:- ref:0 ;
in:97 out:98 type:b dur:2 cpbdur:2 q:34.94 aq:23.09 tex:935 mv:189 misc:452 imb:13 pmb:15 smb:8132 d:- ref:0 ;
in:102 out:99 type:P dur:2 cpbdur:2 q:34.41 aq:23.72 tex:9382 mv:6760 misc:3850 imb:179 pmb:898 smb:7083 d:- ref:0 ;
in:100 out:100 type:B dur:2 cpbdur:2 q:34.66 aq:29.52 tex:362 mv:158 misc:640 imb:3 pmb:39 smb:8118 d:- ref:0 ;
in:99 out:101 type:b dur:2 cpbdur:2 q:34.79 aq:20.40 tex:72 mv:93 misc:491 imb:4 pmb:18 smb:8138 d:- ref:0 ;
in:101 out:102 type:b dur:2 cpbdur:2 q:34.54 aq:20.00 tex:46 mv:49 misc:441 imb:2 pmb:5 smb:8153 d:- ref:0 ;
in:106 out:103 type:P dur:2 cpbdur:2 q:33.74 aq:22.30 tex:18071 mv:7741 misc:4220 imb:240 pmb:1071 smb:6849 d:- ref:0 ;
in:104 out:104 type:B dur:2 cpbdur:2 q:34.07 aq:23.80 tex:1171 mv:460 misc:737 imb:19 pmb:51 smb:8090 d:- ref:0 ;
in:103 out:105 type:b dur:2 cpbdur:2 q:34.24 aq:23.97 tex:247 mv:118 misc:515 imb:3 pmb:24 smb:8133 d:- ref:0 ;
in:105 out:106 type:b dur:2 cpbdur:2 q:33.91 aq:20.24 tex:938 mv:328 misc:494 imb:3 pmb:33 smb:8124 d:- ref:0 ;
in:110 out:107 type:P dur:2 cpbdur:2 q:33.16 aq:23.08 tex:45210 mv:11141 misc:4737 imb:737 pmb:1284 smb:6139 d:- ref:0 ;
in:108 out:108 type:B dur:2 cpbdur:2 q:33.45 aq:24.35 tex:771 mv:1229 misc:1176 imb:44 pmb:170 smb:7946 d:- ref:0 ;
in:107 out:109 type:b dur:2 cpbdur:2 q:33.59 aq:20.21 tex:160 mv:92 misc:516 imb:3 pmb:16 smb:8141 d:- ref:0 ;
in:109 out:110 type:b dur:2 cpbdur:2 q:33.31 aq:26.57 tex:5125 mv:3390 misc:901 imb:263 pmb:167 smb:7730 d:- ref:0 ;
in:114 out:111 type:P dur:2 cpbdur:2 q:32.55 aq:22.06 tex:106011 mv:13628 misc:5217 imb:982 pmb:1554 smb:5624 d:- ref:0 ;
in:112 out:112 type:B dur:2 cpbdur:2 q:32.86 aq:24.42 tex:4382 mv:1031 misc:1003 imb:21 pmb:135 smb:8004 d:- ref:0 ;
in:111 out:113 type:b dur:2 cpbdur:2 q:33.01 aq:28.06 tex:1570 mv:1160 misc:806 imb:55 pmb:96 smb:8009 d:- ref:0 ;
in:113 out:114 type:b dur:2 cpbdur:2 q:32.70 aq:30.39 tex:924 mv:597 misc:783 imb:41 pmb:56 smb:8063 d:- ref:0 ;
in:118 out:115 type:P dur:2 cpbdur:2 q:32.18 aq:21.90 tex:66471 mv:13074 misc:5455 imb:618 pmb:1775 smb:5767 d:- ref:0 ;
in:116 out:116 type:B dur:2 cpbdur:2 q:32.36 aq:26.26 tex:2968 mv:1553 misc:1439 imb:31 pmb:305 smb:7824 d:- ref:0 ;
in:115 out:117 type:b dur:2 cpbdur:2 q:32.46 aq:24.83 tex:988 mv:527 misc:1085 imb:20 pmb:189 smb:7951 d:- ref:0 ;
in:117 out:118 type:b dur:2 cpbdur:2 q:32.27 aq:23.69 tex:614 mv:501 misc:661 imb:13 pmb:43 smb:8104 d:- ref:0 ;
in:122 out:119 type:P dur:2 cpbdur:2 q:31.79 aq:21.27 tex:43123 mv:12372 misc:5665 imb:500 pmb:1737 smb:5923 d:- ref:0 ;
in:120 out:120 type:B dur:2 cpbdur:2 q:31.98 aq:22.75 tex:1257 mv:971 misc:1052 imb:19 pmb:122 smb:8019 d:- ref:0 ;
in:119 out:121 type:b dur:2 cpbdur:2 q:32.08 aq:25.58 tex:658 mv:251 misc:643 imb:4 pmb:45 smb:8111 d:- ref:0 ;
in:121 out:122 type:b dur:2 cpbdur:2 q:31.88 aq:27.70 tex:371 mv:363 misc:794 imb:2 pmb:80 smb:8078 d:- ref:0 ;
in:126 out:123 type:P dur:2 cpbdur:2 q:31.37 aq:21.06 tex:48163 mv:14193 misc:6076 imb:566 pmb:2000 smb:5594 d:- ref:0 ;
in:124 out:124 type:B dur:2 cpbdur:2 q:31.58 aq:24.91 tex:1065 mv:859 misc:1316 imb:18 pmb:171 smb:7971 d:- ref:0 ;
in:123 out:125 type:b dur:2 cpbdur:2 q:31.68 aq:23.23 tex:311 mv:184 misc:617 imb:7 pmb:26 smb:8127 d:- ref:0 ;
in:125 out:126 type:b dur:2 cpbdur:2 q:31.47 aq:31.42 tex:3554 mv:1231 misc:855 imb:92 pmb:70 smb:7998 d:- ref:0 ;
in:130 out:127 type:P dur:2 cpbdur:2 q:30.86 aq:20.63 tex:46154 mv:14759 misc:6151 imb:608 pmb:1999 smb:5553 d:- ref:0 ;
in:128 out:128 type:B dur:2 cpbdur:2 q:31.12 aq:21.92 tex:964 mv:795 misc:1273 imb:31 pmb:136 smb:7993 d:- ref:0 ;
in:127 out:129 type:b dur:2 cpbdur:2 q:31.24 aq:26.55 tex:503 mv:445 misc:836 imb:12 pmb:85 smb:8063 d:- ref:0 ;
in:129 out:130 type:b dur:2 cpbdur:2 q:30.99 aq:23.19 tex:291 mv:217 misc:644 imb:5 pmb:38 smb:8117 d:- ref:0 ;
in:134 out:131 type:P dur:2 cpbdur:2 q:30.41 aq:20.22 tex:66044 mv:15560 misc:6572 imb:654 pmb:2206 smb:5300 d:- ref:0 ;
in:132 out:132 type:B dur:2 cpbdur:2 q:30.64 aq:24.51 tex:1731 mv:1026 misc:1547 imb:22 pmb:205 smb:7933 d:- ref:0 ;
in:131 out:133 type:b dur:2 cpbdur:2 q:30.75 aq:22.63 tex:435 mv:307 misc:738 imb:14 pmb:47 smb:8099 d:- ref:0 ;
in:133 out:134 type:b dur:2 cpbdur:2 q:30.53 aq:23.08 tex:4021 mv:1096 misc:963 imb:34 pmb:103 smb:8023 d:- ref:0 ;
in:138 out:135 type:P dur:2 cpbdur:2 q:30.00 aq:20.01 tex:57363 mv:15540 misc:6713 imb:631 pmb:2300 smb:5229 d:- ref:0 ;
in:136 out:136 type:B dur:2 cpbdur:2 q:30.21 aq:22.66 tex:1770 mv:1119 misc:1719 imb:30 pmb:231 smb:7899 d:- ref:0 ;
in:135 out:137 type:b dur:2 cpbdur:2 q:30.31 aq:26.23 tex:1195 mv:498 misc:1019 imb:15 pmb:110 smb:8035 d:- ref:0 ;
in:137 out:138 type:b dur:2 cpbdur:2 q:30.10 aq:24.81 tex:596 mv:334 misc:886 imb:7 pmb:82 smb:8071 d:- ref:0 ;
in:142 out:139 type:P dur:2 cpbdur:2 q:29.65 aq:19.62 tex:50466 mv:15183 misc:6807 imb:616 pmb:2300 smb:5244 d:- ref:0 ;
in:140 out:140 type:B dur:2 cpbdur:2 q:29.83 aq:22.46 tex:2543 mv:1295 misc:1834 imb:40 pmb:263 smb:7857 d:- ref:0 ;
in:139 out:141 type:b dur:2 cpbdur:2 q:29.91 aq:24.04 tex:811 mv:450 misc:1115 imb:12 pmb:116 smb:8032 d:- ref:0 ;
in:141 out:142 type:b dur:2 cpbdur:2 q:29.74 aq:23.69 tex:930 mv:537 misc:1125 imb:14 pmb:123 smb:8023 d:- ref:0 ;
in:146 out:143 type:P dur:2 cpbdur:2 q:29.19 aq:19.11 tex:69159 mv:18353 misc:6984 imb:814 pmb:2627 smb:4719 d:- ref:0 ;
in:144 out:144 type:B dur:2 cpbdur:2 q:29.42 aq:22.66 tex:2081 mv:1705 misc:2118 imb:29 pmb:373 smb:7758 d:- ref:0 ;
in:143 out:145 type:b dur:2 cpbdur:2 q:29.54 aq:23.62 tex:983 mv:799 misc:1370 imb:22 pmb:208 smb:7930 d:- ref:0 ;
in:145 out:146 type:b dur:2 cpbdur:2 q:29.30 aq:23.60 tex:1293 mv:538 misc:1209 imb:13 pmb:139 smb:8008 d:- ref:0 ;
in:150 out:147 type:P dur:2 cpbdur:2 q:28.79 aq:18.83 tex:66002 mv:17555 misc:6819 imb:711 pmb:2550 smb:4899 d:- ref:0 ;
in:148 out:148 type:B dur:2 cpbdur:2 q:28.99 aq:21.99 tex:2967 mv:1597 misc:2292 imb:35 pmb:370 smb:7755 d:- ref:0 ;
in:147 out:149 type:b dur:2 cpbdur:2 q:29.09 aq:22.14 tex:858 mv:450 misc:1164 imb:12 pmb:136 smb:8012 d:- ref:0 ;
in:149 out:150 type:b dur:2 cpbdur:2 q:28.89 aq:22.53 tex:1089 mv:562 misc:1197 imb:20 pmb:130 smb:8010 d:- ref:0 ;
in:154 out:151 type:P dur:2 cpbdur:2 q:28.43 aq:18.53 tex:76507 mv:18568 misc:6893 imb:789 pmb:2644 smb:4727 d:- ref:0 ;
in:152 out:152 type:B dur:2 cpbdur:2 q:28.61 aq:21.18 tex:3526 mv:1966 misc:2556 imb:52 pmb:439 smb:7669 d:- ref:0 ;
in:151 out:153 type:b dur:2 cpbdur:2 q:28.70 aq:23.57 tex:1457 mv:557 misc:1282 imb:14 pmb:158 smb:7988 d:- ref:0 ;
in:153 out:154 type:b dur:2 cpbdur:2 q:28.52 aq:22.79 tex:1798 mv:803 misc:1423 imb:18 pmb:184 smb:7958 d:- ref:0 ;
in:158 out:155 type:P dur:2 cpbdur:2 q:28.18 aq:18.36 tex:95530 mv:18242 misc:6956 imb:710 pmb:2740 smb:4710 d:- ref:0 ;
in:156 out:156 type:B dur:2 cpbdur:2 q:28.30 aq:21.24 tex:4200 mv:2375 misc:2769 imb:41 pmb:473 smb:7646 d:- ref:0 ;
in:155 out:157 type:b dur:2 cpbdur:2 q:28.37 aq:21.61 tex:1637 mv:759 misc:1396 imb:3 pmb:211 smb:7946 d:- ref:0 ;
in:157 out:158 type:b dur:2 cpbdur:2 q:28.24 aq:22.79 tex:1304 mv:529 misc:1335 imb:6 pmb:165 smb:7989 d:- ref:0 ;
in:162 out:159 type:P dur:2 cpbdur:2 q:27.78 aq:17.68 tex:87059 mv:21437 misc:7160 imb:891 pmb:3008 smb:4261 d:- ref:0 ;
in:160 out:160 type:B dur:2 cpbdur:2 q:27.98 aq:20.86 tex:4715 mv:2612 misc:3001 imb:55 pmb:577 smb:7528 d:- ref:0 ;
in:159 out:161 type:b dur:2 cpbdur:2 q:28.08 aq:21.89 tex:1939 mv:968 misc:1613 imb:25 pmb:232 smb:7903 d:- ref:0 ;
in:161 out:162 type:b dur:2 cpbdur:2 q:27.88 aq:23.67 tex:2784 mv:1104 misc:1784 imb:25 pmb:266 smb:7869 d:- ref:0 ;
in:166 out:163 type:P dur:2 cpbdur:2 q:27.49 aq:17.34 tex:89309 mv:21095 misc:6868 imb:878 pmb:2987 smb:4295 d:- ref:0 ;
in:164 out:164 type:B dur:2 cpbdur:2 q:27.63 aq:21.30 tex:5451 mv:2711 misc:3150 imb:60 pmb:570 smb:7530 d:- ref:0 ;
in:163 out:165 type:b dur:2 cpbdur:2 q:27.71 aq:22.20 tex:1603 mv:913 misc:1652 imb:24 pmb:211 smb:7925 d:- ref:0 ;
in:165 out:166 type:b dur:2 cpbdur:2 q:27.56 aq:22.06 tex:1710 mv:899 misc:1511 imb:25 pmb:201 smb:7934 d:- ref:0 ;
in:170 out:167 type:P dur:2 cpbdur:2 q:27.18 aq:17.26 tex:91801 mv:20250 misc:6965 imb:785 pmb:3021 smb:4354 d:- ref:0 ;
in:168 out:168 type:B dur:2 cpbdur:2 q:27.34 aq:19.68 tex:5131 mv:2719 misc:3254 imb:50 pmb:598 smb:7512 d:- ref:0 ;
in:167 out:169 type:b dur:2 cpbdur:2 q:27.41 aq:21.27 tex:2143 mv:920 misc:1769 imb:14 pmb:268 smb:7878 d:- ref:0 ;
in:169 out:170 type:b dur:2 cpbdur:2 q:27.26 aq:22.61 tex:3699 mv:1454 misc:1911 imb:48 pmb:272 smb:7840 d:- ref:0 ;
in:174 out:171 type:P dur:2 cpbdur:2 q:27.00 aq:17.18 tex:104667 mv:22617 misc:6940 imb:972 pmb:3186 smb:4002 d:- ref:0 ;
in:172 out:172 type:B dur:2 cpbdur:2 q:27.09 aq:20.07 tex:7088 mv:3424 misc:3672 imb:64 pmb:736 smb:7360 d:- ref:0 ;
in:171 out:173 type:b dur:2 cpbdur:2 q:27.14 aq:21.37 tex:2479 mv:1259 misc:2006 imb:24 pmb:299 smb:7837 d:- ref:0 ;
in:173 out:174 type:b dur:2 cpbdur:2 q:27.05 aq:21.46 tex:2848 mv:1211 misc:1933 imb:29 pmb:302 smb:7829 d:- ref:0 ;
in:178 out:175 type:P dur:2 cpbdur:2 q:26.64 aq:16.66 tex:105264 mv:23585 misc:6927 imb:1072 pmb:3213 smb:3875 d:- ref:0 ;
in:176 out:176 type:B dur:2 cpbdur:2 q:26.82 aq:19.59 tex:9458 mv:3911 misc:4071 imb:72 pmb:929 smb:7159 d:- ref:0 ;
in:175 out:177 type:b dur:2 cpbdur:2 q:26.91 aq:21.79 tex:2784 mv:1746 misc:2558 imb:33 pmb:450 smb:7677 d:- ref:0 ;
in:177 out:178 type:b dur:2 cpbdur:2 q:26.73 aq:22.30 tex:7947 mv:2658 misc:2251 imb:123 pmb:381 smb:7656 d:- ref:0 ;
in:182 out:179 type:P dur:2 cpbdur:2 q:26.42 aq:16.27 tex:122635 mv:25832 misc:7021 imb:1163 pmb:3416 smb:3581 d:- ref:0 ;
in:180 out:180 type:B dur:2 cpbdur:2 q:26.53 aq:19.42 tex:6917 mv:3993 misc:4122 imb:65 pmb:872 smb:7223 d:- ref:0 ;
in:179 out:181 type:b dur:2 cpbdur:2 q:26.59 aq:20.61 tex:3759 mv:2227 misc:2590 imb:61 pmb:472 smb:7627 d:- ref:0 ;
in:181 out:182 type:b dur:2 cpbdur:2 q:26.48 aq:19.74 tex:2943 mv:1797 misc:2372 imb:42 pmb:369 smb:7749 d:- ref:0 ;
in:186 out:183 type:P dur:2 cpbdur:2 q:26.22 aq:16.39 tex:121324 mv:23077 misc:7135 imb:887 pmb:3375 smb:3898 d:- ref:0 ;
in:184 out:184 type:B dur:2 cpbdur:2 q:26.32 aq:19.38 tex:8768 mv:4033 misc:4015 imb:81 pmb:819 smb:7260 d:- ref:0 ;
in:183 out:185 type:b dur:2 cpbdur:2 q:26.37 aq:19.22 tex:2713 mv:1605 misc:2402 imb:25 pmb:382 smb:7753 d:- ref:0 ;
in:185 out:186 type:b dur:2 cpbdur:2 q:26.27 aq:21.15 tex:7003 mv:1954 misc:2427 imb:47 pmb:401 smb:7712 d:- ref:0 ;
in:190 out:187 type:P dur:2 cpbdur:2 q:26.16 aq:16.28 tex:107917 mv:23546 misc:7017 imb:956 pmb:3374 smb:3830 d:- ref:0 ;
in:188 out:188 type:B dur:2 cpbdur:2 q:26.19 aq:19.09 tex:7521 mv:4327 misc:4256 imb:87 pmb:883 smb:7190 d:- ref:0 ;
in:187 out:189 type:b dur:2 cpbdur:2 q:26.21 aq:20.05 tex:3824 mv:1949 misc:2883 imb:49 pmb:497 smb:7614 d:- ref:0 ;
in:189 out:190 type:b dur:2 cpbdur:2 q:26.18 aq:19.80 tex:3323 mv:1756 misc:2417 imb:42 pmb:394 smb:7724 d:- ref:0 ;
in:194 out:191 type:P dur:2 cpbdur:2 q:25.84 aq:15.74 tex:151814 mv:24956 misc:7006 imb:997 pmb:3508 smb:3655 d:- ref:0 ;
in:192 out:192 type:B dur:2 cpbdur:2 q:26.00 aq:19.22 tex:19485 mv:5548 misc:4407 imb:93 pmb:996 smb:7071 d:- ref:0 ;
in:191 out:193 type:b dur:2 cpbdur:2 q:26.08 aq:20.51 tex:4285 mv:2591 misc:2820 imb:72 pmb:543 smb:7545 d:- ref:0 ;
in:193 out:194 type:b dur:2 cpbdur:2 q:25.92 aq:19.74 tex:6135 mv:2533 misc:3268 imb:50 pmb:629 smb:7481 d:- ref:0 ;
in:198 out:195 type:P dur:2 cpbdur:2 q:25.72 aq:15.88 tex:139184 mv:26748 misc:6748 imb:1050 pmb:3750 smb:3360 d:- ref:0 ;
in:196 out:196 type:B dur:2 cpbdur:2 q:25.78 aq:18.58 tex:8471 mv:4351 misc:4266 imb:79 pmb:898 smb:7183 d:- ref:0 ;
in:195 out:197 type:b dur:2 cpbdur:2 q:25.81 aq:20.40 tex:5113 mv:1987 misc:2948 imb:31 pmb:541 smb:7588 d:- ref:0 ;
in:197 out:198 type:b dur:2 cpbdur:2 q:25.75 aq:19.84 tex:4556 mv:1982 misc:3078 imb:35 pmb:549 smb:7576 d:- ref:0 ;
in:202 out:199 type:P dur:2 cpbdur:2 q:25.55 aq:15.50 tex:133789 mv:26575 misc:6924 imb:1059 pmb:3700 smb:3401 d:- ref:0 ;
in:200 out:200 type:B dur:2 cpbdur:2 q:25.63 aq:18.83 tex:10348 mv:4944 misc:4572 imb:102 pmb:1035 smb:7023 d:- ref:0 ;
in:199 out:201 type:b dur:2 cpbdur:2 q:25.68 aq:20.59 tex:4128 mv:1890 misc:2718 imb:36 pmb:482 smb:7642 d:- ref:0 ;
in:201 out:202 type:b dur:2 cpbdur:2 q:25.59 aq:20.29 tex:5410 mv:2672 misc:3390 imb:42 pmb:671 smb:7447 d:- ref:0 ;
in:206 out:203 type:P dur:2 cpbdur:2 q:25.50 aq:15.70 tex:143077 mv:25084 misc:6783 imb:927 pmb:3625 smb:3608 d:- ref:0 ;
in:204 out:204 type:B dur:2 cpbdur:2 q:25.53 aq:18.42 tex:9743 mv:4714 misc:4375 imb:99 pmb:971 smb:7090 d:- ref:0 ;
in:203 out:205 type:b dur:2 cpbdur:2 q:25.54 aq:20.77 tex:6297 mv:2514 misc:3413 imb:54 pmb:659 smb:7447 d:- ref:0 ;
in:205 out:206 type:b dur:2 cpbdur:2 q:25.52 aq:20.51 tex:4707 mv:2311 misc:3174 imb:26 pmb:623 smb:7511 d:- ref:0 ;
in:210 out:207 type:P dur:2 cpbdur:2 q:25.26 aq:15.41 tex:151074 mv:27292 misc:6690 imb:1057 pmb:3847 smb:3256 d:- ref:0 ;
in:208 out:208 type:B dur:2 cpbdur:2 q:25.38 aq:18.37 tex:11911 mv:5305 misc:4632 imb:111 pmb:1069 smb:6980 d:- ref:0 ;
in:207 out:209 type:b dur:2 cpbdur:2 q:25.44 aq:20.36 tex:6949 mv:3098 misc:3521 imb:52 pmb:753 smb:7355 d:- ref:0 ;
in:209 out:210 type:b dur:2 cpbdur:2 q:25.32 aq:19.40 tex:5612 mv:3075 misc:3377 imb:65 pmb:686 smb:7409 d:- ref:0 ;
in:214 out:211 type:P dur:2 cpbdur:2 q:25.15 aq:15.47 tex:136224 mv:25796 misc:6764 imb:979 pmb:3710 smb:3471 d:- ref:0 ;
in:212 out:212 type:B dur:2 cpbdur:2 q:25.21 aq:17.85 tex:11403 mv:5457 misc:4764 imb:116 pmb:1078 smb:6966 d:- ref:0 ;
in:211 out:213 type:b dur:2 cpbdur:2 q:25.24 aq:19.56 tex:6203 mv:3354 misc:3491 imb:69 pmb:711 smb:7380 d:- ref:0 ;
in:213 out:214 type:b dur:2 cpbdur:2 q:25.18 aq:19.43 tex:5885 mv:3291 misc:3488 imb:66 pmb:735 smb:7359 d:- ref:0 ;
in:218 out:215 type:P dur:2 cpbdur:2 q:25.03 aq:15.19 tex:127089 mv:27519 misc:6888 imb:1212 pmb:3629 smb:3319 d:- ref:0 ;
in:216 out:216 type:B dur:2 cpbdur:2 q:25.09 aq:18.08 tex:35639 mv:7121 misc:4904 imb:165 pmb:1242 smb:6753 d:- ref:0 ;
in:215 out:217 type:b dur:2 cpbdur:2 q:25.12 aq:19.24 tex:5581 mv:2871 misc:3476 imb:54 pmb:706 smb:7400 d:- ref:0 ;
in:217 out:218 type:b dur:2 cpbdur:2 q:25.06 aq:18.78 tex:10729 mv:4075 misc:3172 imb:160 pmb:607 smb:7393 d:- ref:0 ;
in:222 out:219 type:P dur:2 cpbdur:2 q:25.03 aq:15.54 tex:133983 mv:27275 misc:6854 imb:1083 pmb:3792 smb:3285 d:- ref:0 ;
in:220 out:220 type:B dur:2 cpbdur:2 q:25.03 aq:18.18 tex:11613 mv:5793 misc:4970 imb:91 pmb:1157 smb:6912 d:- ref:0 ;
in:219 out:221 type:b dur:2 cpbdur:2 q:25.03 aq:19.05 tex:6784 mv:3149 misc:3707 imb:78 pmb:731 smb:7351 d:- ref:0 ;
in:221 out:222 type:b dur:2 cpbdur:2 q:25.03 aq:19.95 tex:6281 mv:2810 misc:3405 imb:58 pmb:665 smb:7437 d:- ref:0 ;
in:226 out:223 type:P dur:2 cpbdur:2 q:24.80 aq:15.22 tex:145657 mv:29097 misc:6774 imb:1248 pmb:3872 smb:3040 d:- ref:0 ;
in:224 out:224 type:B dur:2 cpbdur:2 q:24.91 aq:17.86 tex:17532 mv:7148 misc:5344 imb:152 pmb:1315 smb:6693 d:- ref:0 ;
in:223 out:225 type:b dur:2 cpbdur:2 q:24.97 aq:18.76 tex:6451 mv:3230 misc:3535 imb:84 pmb:691 smb:7385 d:- ref:0 ;
in:225 out:226 type:b dur:2 cpbdur:2 q:24.85 aq:18.98 tex:10561 mv:3034 misc:3461 imb:62 pmb:643 smb:7455 d:- ref:0 ;
in:230 out:227 type:P dur:2 cpbdur:2 q:24.70 aq:15.21 tex:112146 mv:25773 misc:7049 imb:1030 pmb:3659 smb:3471 d:- ref:0 ;
in:228 out:228 type:B dur:2 cpbdur:2 q:24.75 aq:17.49 tex:10920 mv:5436 misc:4948 imb:88 pmb:1157 smb:6915 d:- ref:0 ;
in:227 out:229 type:b dur:2 cpbdur:2 q:24.77 aq:19.23 tex:7057 mv:2788 misc:3587 imb:39 pmb:699 smb:7422 d:- ref:0 ;
in:229 out:230 type:b dur:2 cpbdur:2 q:24.73 aq:19.11 tex:5810 mv:2724 misc:3330 imb:53 pmb:609 smb:7498 d:- ref:0 ;
in:234 out:231 type:P dur:2 cpbdur:2 q:24.56 aq:15.69 tex:129748 mv:26143 misc:7213 imb:1094 pmb:3550 smb:3516 d:- ref:0 ;
in:232 out:232 type:B dur:2 cpbdur:2 q:24.63 aq:18.28 tex:21905 mv:7573 misc:5426 imb:113 pmb:1435 smb:6612 d:- ref:0 ;
in:231 out:233 type:b dur:2 cpbdur:2 q:24.67 aq:19.13 tex:7589 mv:3019 misc:3480 imb:76 pmb:690 smb:7394 d:- ref:0 ;
in:233 out:234 type:b dur:2 cpbdur:2 q:24.59 aq:19.18 tex:6584 mv:2891 misc:3645 imb:37 pmb:731 smb:7392 d:- ref:0 ;
in:238 out:235 type:P dur:2 cpbdur:2 q:24.58 aq:16.95 tex:74796 mv:20480 misc:7412 imb:802 pmb:2793 smb:4565 d:- ref:0 ;
in:236 out:236 type:B dur:2 cpbdur:2 q:24.57 aq:17.99 tex:11968 mv:5391 misc:4937 imb:75 pmb:1128 smb:6957 d:- ref:0 ;
in:235 out:237 type:b dur:2 cpbdur:2 q:24.56 aq:18.73 tex:6744 mv:2775 misc:3793 imb:37 pmb:743 smb:7380 d:- ref:0 ;
in:237 out:238 type:b dur:2 cpbdur:2 q:24.58 aq:19.57 tex:7728 mv:3961 misc:4055 imb:55 pmb:891 smb:7214 d:- ref:0 ;
in:242 out:239 type:P dur:2 cpbdur:2 q:24.24 aq:18.10 tex:453635 mv:46289 misc:1636 imb:6584 pmb:1324 smb:252 d:- ref:0 ;
in:240 out:240 type:B dur:2 cpbdur:2 q:24.41 aq:18.49 tex:31621 mv:14734 misc:6637 imb:296 pmb:2077 smb:5787 d:- ref:0 ;
in:239 out:241 type:b dur:2 cpbdur:2 q:24.50 aq:19.62 tex:7262 mv:3620 misc:4270 imb:54 pmb:957 smb:7149 d:- ref:0 ;
in:241 out:242 type:b dur:2 cpbdur:2 q:24.33 aq:18.19 tex:46552 mv:31668 misc:6524 imb:1799 pmb:2297 smb:4064 d:- ref:0 ;
in:246 out:243 type:P dur:2 cpbdur:2 q:24.41 aq:15.49 tex:778204 mv:51187 misc:1097 imb:6908 pmb:1172 smb:80 d:- ref:0 ;
in:244 out:244 type:B dur:2 cpbdur:2 q:24.33 aq:18.04 tex:79038 mv:28332 misc:7110 imb:1639 pmb:3166 smb:3355 d:- ref:0 ;
in:243 out:245 type:b dur:2 cpbdur:2 q:24.28 aq:18.33 tex:61627 mv:33481 misc:6636 imb:1755 pmb:2887 smb:3518 d:- ref:0 ;
in:245 out:246 type:b dur:2 cpbdur:2 q:24.37 aq:17.76 tex:49708 mv:28861 misc:6167 imb:1726 pmb:2238 smb:4196 d:- ref:0 ;
in:250 out:247 type:P dur:2 cpbdur:2 q:25.53 aq:15.31 tex:180512 mv:39487 misc:5593 imb:2281 pmb:3979 smb:1900 d:- ref:0 ;
in:248 out:248 type:B dur:2 cpbdur:2 q:24.97 aq:17.68 tex:17121 mv:11096 misc:6431 imb:118 pmb:2014 smb:6028 d:- ref:0 ;
in:247 out:249 type:b dur:2 cpbdur:2 q:24.69 aq:16.56 tex:10002 mv:5822 misc:4976 imb:109 pmb:1301 smb:6750 d:- ref:0 ;
in:249 out:250 type:b dur:2 cpbdur:2 q:25.25 aq:19.44 tex:6553 mv:2848 misc:3559 imb:28 pmb:807 smb:7325 d:- ref:0 ;
in:254 out:251 type:P dur:2 cpbdur:2 q:26.14 aq:16.49 tex:71828 mv:19761 misc:7171 imb:515 pmb:3027 smb:4618 d:- ref:0 ;
in:252 out:252 type:B dur:2 cpbdur:2 q:25.83 aq:17.83 tex:7798 mv:4190 misc:4108 imb:38 pmb:883 smb:7239 d:- ref:0 ;
in:251 out:253 type:b dur:2 cpbdur:2 q:25.68 aq:19.87 tex:5583 mv:2309 misc:2780 imb:56 pmb:513 smb:7591 d:- ref:0 ;
in:253 out:254 type:b dur:2 cpbdur:2 q:25.99 aq:19.28 tex:5169 mv:2048 misc:2695 imb:43 pmb:509 smb:7608 d:- ref:0 ;
in:258 out:255 type:P dur:2 cpbdur:2 q:25.78 aq:16.41 tex:94604 mv:23656 misc:7196 imb:648 pmb:3504 smb:4008 d:- ref:0 ;
in:256 out:256 type:B dur:2 cpbdur:2 q:25.96 aq:18.40 tex:7146 mv:4213 misc:3913 imb:50 pmb:871 smb:7239 d:- ref:0 ;
in:255 out:257 type:b dur:2 cpbdur:2 q:26.05 aq:19.08 tex:3569 mv:2105 misc:2702 imb:32 pmb:515 smb:7613 d:- ref:0 ;
in:257 out:258 type:b dur:2 cpbdur:2 q:25.87 aq:17.84 tex:3615 mv:1367 misc:2410 imb:18 pmb:409 smb:7733 d:- ref:0 ;
in:262 out:259 type:P dur:2 cpbdur:2 q:25.53 aq:16.19 tex:128772 mv:25996 misc:7160 imb:912 pmb:3581 smb:3667 d:- ref:0 ;
in:260 out:260 type:B dur:2 cpbdur:2 q:25.66 aq:17.80 tex:14894 mv:5565 misc:4229 imb:110 pmb:991 smb:7059 d:- ref:0 ;
in:259 out:261 type:b dur:2 cpbdur:2 q:25.72 aq:18.85 tex:4064 mv:2220 misc:2700 imb:35 pmb:494 smb:7631 d:- ref:0 ;
in:261 out:262 type:b dur:2 cpbdur:2 q:25.60 aq:19.03 tex:5703 mv:2225 misc:2712 imb:40 pmb:551 smb:7569 d:- ref:0 ;
in:266 out:263 type:P dur:2 cpbdur:2 q:25.39 aq:15.78 tex:95359 mv:24864 misc:7049 imb:755 pmb:3450 smb:3955 d:- ref:0 ;
in:264 out:264 type:B dur:2 cpbdur:2 q:25.46 aq:17.34 tex:7115 mv:4689 misc:4004 imb:52 pmb:917 smb:7191 d:- ref:0 ;
in:263 out:265 type:b dur:2 cpbdur:2 q:25.50 aq:20.17 tex:3952 mv:1870 misc:2666 imb:18 pmb:498 smb:7644 d:- ref:0 ;
in:265 out:266 type:b dur:2 cpbdur:2 q:25.42 aq:17.46 tex:4201 mv:1748 misc:2739 imb:22 pmb:505 smb:7633 d:- ref:0 ;
in:270 out:267 type:P dur:2 cpbdur:2 q:25.29 aq:16.08 tex:93774 mv:23410 misc:7256 imb:664 pmb:3458 smb:4038 d:- ref:0 ;
in:268 out:268 type:B dur:2 cpbdur:2 q:25.34 aq:17.80 tex:9037 mv:4828 misc:4103 imb:77 pmb:921 smb:7162 d:- ref:0 ;
in:267 out:269 type:b dur:2 cpbdur:2 q:25.36 aq:18.62 tex:4033 mv:1958 misc:2809 imb:23 pmb:524 smb:7613 d:- ref:0 ;
in:269 out:270 type:b dur:2 cpbdur:2 q:25.31 aq:17.71 tex:4573 mv:2010 misc:2561 imb:30 pmb:462 smb:7668 d:- ref:0 ;
in:274 out:271 type:P dur:2 cpbdur:2 q:24.99 aq:16.15 tex:96573 mv:27321 misc:7178 imb:928 pmb:3556 smb:3676 d:- ref:0 ;
in:272 out:272 type:B dur:2 cpbdur:2 q:25.14 aq:18.42 tex:8654 mv:6178 misc:4544 imb:69 pmb:1117 smb:6974 d:- ref:0 ;
in:271 out:273 type:b dur:2 cpbdur:2 q:25.21 aq:18.95 tex:4689 mv:2746 misc:3085 imb:40 pmb:626 smb:7494 d:- ref:0 ;
in:273 out:274 type:b dur:2 cpbdur:2 q:25.07 aq:18.22 tex:5921 mv:2814 misc:3145 imb:51 pmb:648 smb:7461 d:- ref:0 ;
in:278 out:275 type:P dur:2 cpbdur:2 q:24.80 aq:16.35 tex:145834 mv:27064 misc:6750 imb:1242 pmb:3417 smb:3501 d:- ref:0 ;
in:276 out:276 type:B dur:2 cpbdur:2 q:24.89 aq:17.38 tex:39665 mv:8988 misc:4315 imb:309 pmb:1260 smb:6591 d:- ref:0 ;
in:275 out:277 type:b dur:2 cpbdur:2 q:24.94 aq:20.25 tex:27532 mv:5840 misc:3228 imb:259 pmb:902 smb:6999 d:- ref:0 ;
in:277 out:278 type:b dur:2 cpbdur:2 q:24.85 aq:19.58 tex:10042 mv:3974 misc:3320 imb:110 pmb:651 smb:7399 d:- ref:0 ;
in:280 out:279 type:P dur:2 cpbdur:2 q:24.68 aq:16.01 tex:111095 mv:24122 misc:6663 imb:1197 pmb:3151 smb:3812 d:- ref:0 ;
in:279 out:280 type:b dur:2 cpbdur:2 q:24.74 aq:18.18 tex:10371 mv:3925 misc:3504 imb:93 pmb:755 smb:7312 d:- ref:0 ;
in:283 out:281 type:P dur:2 cpbdur:2 q:24.70 aq:16.04 tex:157144 mv:27888 misc:6576 imb:1519 pmb:3198 smb:3443 d:- ref:0 ;
in:281 out:282 type:B dur:2 cpbdur:2 q:24.69 aq:17.20 tex:27265 mv:10509 misc:3762 imb:481 pmb:962 smb:6717 d:- ref:0 ;
in:282 out:283 type:b dur:2 cpbdur:2 q:24.70 aq:18.14 tex:51882 mv:7521 misc:3589 imb:348 pmb:851 smb:6961 d:- ref:0 ;
in:285 out:284 type:P dur:2 cpbdur:2 q:24.74 aq:16.17 tex:185848 mv:23709 misc:6515 imb:1219 pmb:3044 smb:3897 d:- ref:0 ;
in:284 out:285 type:b dur:2 cpbdur:2 q:24.72 aq:18.83 tex:31781 mv:8705 misc:3458 imb:343 pmb:846 smb:6971 d:- ref:0 ;
in:286 out:286 type:P dur:2 cpbdur:2 q:24.90 aq:16.48 tex:140409 mv:17404 misc:6395 imb:863 pmb:2687 smb:4610 d:- ref:0 ;
in:287 out:287 type:P dur:2 cpbdur:2 q:25.01 aq:15.71 tex:123090 mv:19780 misc:6602 imb:878 pmb:2974 smb:4308 d:- ref:0 ;
in:288 out:288 type:P dur:2 cpbdur:2 q:25.03 aq:15.87 tex:90374 mv:15928 misc:6442 imb:636 pmb:2568 smb:4956 d:- ref:0 ;
in:292 out:289 type:P dur:2 cpbdur:2 q:25.04 aq:15.99 tex:130749 mv:26349 misc:7158 imb:975 pmb:3418 smb:3767 d:- ref:0 ;
in:290 out:290 type:B dur:2 cpbdur:2 q:25.04 aq:18.41 tex:34776 mv:10736 misc:4736 imb:207 pmb:1305 smb:6648 d:- ref:0 ;
in:289 out:291 type:b dur:2 cpbdur:2 q:25.03 aq:19.03 tex:23457 mv:6205 misc:3026 imb:242 pmb:642 smb:7276 d:- ref:0 ;
in:291 out:292 type:b dur:2 cpbdur:2 q:25.04 aq:19.51 tex:30409 mv:7192 misc:3351 imb:193 pmb:833 smb:7134 d:- ref:0 ;
in:293 out:293 type:P dur:2 cpbdur:2 q:25.15 aq:15.89 tex:108595 mv:17779 misc:6730 imb:662 pmb:2754 smb:4744 d:- ref:0 ;
in:297 out:294 type:P dur:2 cpbdur:2 q:25.22 aq:15.70 tex:140643 mv:28838 misc:7095 imb:1008 pmb:3662 smb:3490 d:- ref:0 ;
in:295 out:295 type:B dur:2 cpbdur:2 q:25.18 aq:18.52 tex:33664 mv:10163 misc:4461 imb:245 pmb:1130 smb:6785 d:- ref:0 ;
in:294 out:296 type:b dur:2 cpbdur:2 q:25.17 aq:19.67 tex:25123 mv:6605 misc:3160 imb:182 pmb:718 smb:7260 d:- ref:0 ;
in:296 out:297 type:b dur:2 cpbdur:2 q:25.20 aq:18.92 tex:20481 mv:6892 misc:3211 imb:171 pmb:754 smb:7235 d:- ref:0 ;
in:301 out:298 type:P dur:2 cpbdur:2 q:25.26 aq:15.66 tex:120155 mv:26882 misc:7027 imb:992 pmb:3458 smb:3710 d:- ref:0 ;
in:299 out:299 type:B dur:2 cpbdur:2 q:25.24 aq:18.18 tex:28772 mv:8808 misc:4148 imb:244 pmb:1000 smb:6916 d:- ref:0 ;
in:298 out:300 type:b dur:2 cpbdur:2 q:25.23 aq:18.61 tex:12629 mv:5063 misc:3212 imb:141 pmb:693 smb:7326 d:- ref:0 ;
in:300 out:301 type:b dur:2 cpbdur:2 q:25.25 aq:20.67 tex:11066 mv:4815 misc:2711 imb:146 pmb:551 smb:7463 d:- ref:0 ;
in:305 out:302 type:P dur:2 cpbdur:2 q:25.24 aq:15.57 tex:129451 mv:27874 misc:7083 imb:1070 pmb:3607 smb:3483 d:- ref:0 ;
in:303 out:303 type:B dur:2 cpbdur:2 q:25.25 aq:18.55 tex:19210 mv:6859 misc:4331 imb:165 pmb:1057 smb:6938 d:- ref:0 ;
in:302 out:304 type:b dur:2 cpbdur:2 q:25.26 aq:18.89 tex:6707 mv:4006 misc:3215 imb:76 pmb:718 smb:7366 d:- ref:0 ;
in:304 out:305 type:b dur:2 cpbdur:2 q:25.24 aq:19.62 tex:6853 mv:3793 misc:3034 imb:88 pmb:629 smb:7443 d:- ref:0 ;
in:309 out:306 type:P dur:2 cpbdur:2 q:25.18 aq:15.52 tex:119285 mv:28180 misc:7023 imb:992 pmb:3668 smb:3500 d:- ref:0 ;
in:307 out:307 type:B dur:2 cpbdur:2 q:25.21 aq:18.65 tex:10894 mv:6208 misc:4314 imb:85 pmb:1027 smb:7048 d:- ref:0 ;
in:306 out:308 type:b dur:2 cpbdur:2 q:25.22 aq:19.48 tex:5383 mv:3383 misc:3058 imb:55 pmb:599 smb:7506 d:- ref:0 ;
in:308 out:309 type:b dur:2 cpbdur:2 q:25.20 aq:19.45 tex:6079 mv:3736 misc:3289 imb:59 pmb:689 smb:7412 d:- ref:0 ;
in:313 out:310 type:P dur:2 cpbdur:2 q:25.07 aq:15.35 tex:107267 mv:26045 misc:7088 imb:802 pmb:3650 smb:3708 d:- ref:0 ;
in:311 out:311 type:B dur:2 cpbdur:2 q:25.13 aq:18.24 tex:9752 mv:5850 misc:4422 imb:81 pmb:1063 smb:7016 d:- ref:0 ;
in:310 out:312 type:b dur:2 cpbdur:2 q:25.15 aq:19.07 tex:5537 mv:3089 misc:3134 imb:76 pmb:595 smb:7489 d:- ref:0 ;
in:312 out:313 type:b dur:2 cpbdur:2 q:25.10 aq:17.92 tex:4571 mv:2727 misc:3078 imb:40 pmb:640 smb:7480 d:- ref:0 ;
in:317 out:314 type:P dur:2 cpbdur:2 q:24.98 aq:15.48 tex:108892 mv:26500 misc:6960 imb:846 pmb:3752 smb:3562 d:- ref:0 ;
in:315 out:315 type:B dur:2 cpbdur:2 q:25.02 aq:18.35 tex:10284 mv:5565 misc:4543 imb:75 pmb:1079 smb:7006 d:- ref:0 ;
in:314 out:316 type:b dur:2 cpbdur:2 q:25.05 aq:19.29 tex:5132 mv:2992 misc:2988 imb:48 pmb:606 smb:7506 d:- ref:0 ;
in:316 out:317 type:b dur:2 cpbdur:2 q:25.00 aq:18.68 tex:5510 mv:2441 misc:3001 imb:57 pmb:584 smb:7519 d:- ref:0 ;
in:321 out:318 type:P dur:2 cpbdur:2 q:24.81 aq:14.85 tex:196386 mv:31391 misc:6551 imb:1343 pmb:3811 smb:3006 d:- ref:0 ;
in:319 out:319 type:B dur:2 cpbdur:2 q:24.89 aq:17.48 tex:24215 mv:9302 misc:4579 imb:399 pmb:1185 smb:6576 d:- ref:0 ;
in:318 out:320 type:b dur:2 cpbdur:2 q:24.94 aq:19.56 tex:7968 mv:3225 misc:3359 imb:72 pmb:719 smb:7369 d:- ref:0 ;
in:320 out:321 type:b dur:2 cpbdur:2 q:24.85 aq:18.18 tex:10543 mv:4955 misc:3446 imb:292 pmb:657 smb:7211 d:- ref:0 ;
in:325 out:322 type:P dur:2 cpbdur:2 q:24.75 aq:14.63 tex:190958 mv:29287 misc:6411 imb:1165 pmb:3749 smb:3246 d:- ref:0 ;
in:323 out:323 type:B dur:2 cpbdur:2 q:24.78 aq:17.66 tex:18003 mv:8564 misc:4561 imb:345 pmb:1112 smb:6703 d:- ref:0 ;
in:322 out:324 type:b dur:2 cpbdur:2 q:24.79 aq:17.74 tex:8576 mv:3999 misc:3113 imb:274 pmb:548 smb:7338 d:- ref:0 ;
in:324 out:325 type:b dur:2 cpbdur:2 q:24.76 aq:18.99 tex:4922 mv:2385 misc:3109 imb:27 pmb:688 smb:7445 d:- ref:0 ;
in:329 out:326 type:P dur:2 cpbdur:2 q:24.73 aq:15.04 tex:128257 mv:28650 misc:7117 imb:908 pmb:3776 smb:3476 d:- ref:0 ;
in:327 out:327 type:B dur:2 cpbdur:2 q:24.74 aq:17.06 tex:19949 mv:7231 misc:4756 imb:175 pmb:1155 smb:6830 d:- ref:0 ;
in:326 out:328 type:b dur:2 cpbdur:2 q:24.74 aq:17.76 tex:4242 mv:2195 misc:2875 imb:28 pmb:542 smb:7590 d:- ref:0 ;
in:328 out:329 type:b dur:2 cpbdur:2 q:24.74 aq:18.44 tex:9135 mv:3438 misc:3075 imb:75 pmb:622 smb:7463 d:- ref:0 ;
in:333 out:330 type:P dur:2 cpbdur:2 q:24.75 aq:15.49 tex:111623 mv:26511 misc:7170 imb:806 pmb:3628 smb:3726 d:- ref:0 ;
in:331 out:331 type:B dur:2 cpbdur:2 q:24.74 aq:17.60 tex:8322 mv:5346 misc:4524 imb:61 pmb:1034 smb:7065 d:- ref:0 ;
in:330 out:332 type:b dur:2 cpbdur:2 q:24.74 aq:18.36 tex:5350 mv:2468 misc:3078 imb:40 pmb:600 smb:7520 d:- ref:0 ;
in:332 out:333 type:b dur:2 cpbdur:2 q:24.75 aq:18.74 tex:4379 mv:2048 misc:2717 imb:24 pmb:479 smb:7657 d:- ref:0 ;
in:337 out:334 type:P dur:2 cpbdur:2 q:24.60 aq:15.62 tex:116100 mv:25289 misc:7227 imb:774 pmb:3497 smb:3889 d:- ref:0 ;
in:335 out:335 type:B dur:2 cpbdur:2 q:24.67 aq:17.57 tex:14673 mv:7151 misc:4720 imb:111 pmb:1136 smb:6913 d:- ref:0 ;
in:334 out:336 type:b dur:2 cpbdur:2 q:24.71 aq:17.19 tex:4582 mv:2508 misc:3190 imb:30 pmb:624 smb:7506 d:- ref:0 ;
in:336 out:337 type:b dur:2 cpbdur:2 q:24.63 aq:18.81 tex:6602 mv:2943 misc:3047 imb:54 pmb:606 smb:7500 d:- ref:0 ;
in:339 out:338 type:P dur:2 cpbdur:2 q:24.47 aq:18.09 tex:16435 mv:10785 misc:5996 imb:376 pmb:1436 smb:6348 d:- ref:0 ;
in:338 out:339 type:b dur:2 cpbdur:2 q:24.53 aq:18.26 tex:6906 mv:2934 misc:3056 imb:84 pmb:565 smb:7511 d:- ref:0 ;
in:340 out:340 type:I dur:2 cpbdur:2 q:21.93 aq:11.62 tex:794934 mv:182902 misc:692 imb:8160 pmb:0 smb:0 d:- ref:;
in:344 out:341 type:P dur:2 cpbdur:2 q:25.48 aq:16.59 tex:62494 mv:17121 misc:7337 imb:557 pmb:2398 smb:5205 d:- ref:0 ;
in:342 out:342 type:B dur:2 cpbdur:2 q:25.48 aq:18.70 tex:9094 mv:3283 misc:3143 imb:60 pmb:622 smb:7478 d:- ref:0 ;
in:341 out:343 type:b dur:2 cpbdur:2 q:25.48 aq:19.93 tex:2738 mv:1321 misc:2077 imb:13 pmb:334 smb:7813 d:- ref:0 ;
in:343 out:344 type:b dur:2 cpbdur:2 q:25.48 aq:19.20 tex:3833 mv:1454 misc:2105 imb:26 pmb:334 smb:7800 d:- ref:0 ;
in:348 out:345 type:P dur:2 cpbdur:2 q:25.29 aq:16.25 tex:49783 mv:20860 misc:7477 imb:640 pmb:2691 smb:4829 d:- ref:0 ;
in:346 out:346 type:B dur:2 cpbdur:2 q:25.38 aq:17.57 tex:6058 mv:4235 misc:3619 imb:66 pmb:738 smb:7356 d:- ref:0 ;
in:345 out:347 type:b dur:2 cpbdur:2 q:25.43 aq:18.13 tex:3419 mv:1851 misc:2474 imb:40 pmb:412 smb:7708 d:- ref:0 ;
in:347 out:348 type:b dur:2 cpbdur:2 q:25.34 aq:18.21 tex:3618 mv:1746 misc:2348 imb:19 pmb:395 smb:7746 d:- ref:0 ;
in:352 out:349 type:P dur:2 cpbdur:2 q:24.88 aq:16.65 tex:55716 mv:22723 misc:7625 imb:723 pmb:2831 smb:4606 d:- ref:0 ;
in:350 out:350 type:B dur:2 cpbdur:2 q:25.09 aq:18.32 tex:9504 mv:5683 misc:4325 imb:85 pmb:960 smb:7115 d:- ref:0 ;
in:349 out:351 type:b dur:2 cpbdur:2 q:25.19 aq:18.86 tex:4056 mv:2187 misc:2669 imb:47 pmb:466 smb:7647 d:- ref:0 ;
in:351 out:352 type:b dur:2 cpbdur:2 q:24.98 aq:18.23 tex:4615 mv:2500 misc:2893 imb:39 pmb:527 smb:7594 d:- ref:0 ;
in:356 out:353 type:P dur:2 cpbdur:2 q:24.69 aq:17.22 tex:44172 mv:21475 misc:7617 imb:727 pmb:2607 smb:4826 d:- ref:0 ;
in:354 out:354 type:B dur:2 cpbdur:2 q:24.78 aq:18.39 tex:9897 mv:6993 misc:4998 imb:100 pmb:1177 smb:6883 d:- ref:0 ;
in:353 out:355 type:b dur:2 cpbdur:2 q:24.83 aq:18.71 tex:6324 mv:3073 misc:3043 imb:70 pmb:570 smb:7520 d:- ref:0 ;
in:355 out:356 type:b dur:2 cpbdur:2 q:24.74 aq:18.82 tex:6847 mv:3299 misc:3198 imb:73 pmb:647 smb:7440 d:- ref:0 ;
in:359 out:357 type:P dur:2 cpbdur:2 q:24.48 aq:17.82 tex:23737 mv:15804 misc:6763 imb:643 pmb:1712 smb:5805 d:- ref:0 ;
in:357 out:358 type:B dur:2 cpbdur:2 q:24.62 aq:17.93 tex:8195 mv:4370 misc:3883 imb:67 pmb:793 smb:7300 d:- ref:0 ;
in:358 out:359 type:b dur:2 cpbdur:2 q:24.55 aq:19.25 tex:7043 mv:3332 misc:3553 imb:44 pmb:712 smb:7404 d:- ref:0 ;
in:361 out:360 type:P dur:2 cpbdur:2 q:24.30 aq:1.18 tex:1030 mv:1920 misc:418 imb:8092 pmb:68 smb:0 d:- ref:0 w:0,0,25,7,0,127,1,127 ;
in:360 out:361 type:b dur:2 cpbdur:2 q:24.39 aq:9.00 tex:11 mv:7 misc:406 imb:0 pmb:1 smb:8159 d:- ref:0 ;
in:362 out:362 type:P dur:2 cpbdur:2 q:24.12 aq:13.41 tex:59194 mv:1261 misc:529 imb:423 pmb:24 smb:7713 d:- ref:0 ;
in:364 out:363 type:P dur:2 cpbdur:2 q:24.07 aq:13.14 tex:60116 mv:2143 misc:701 imb:369 pmb:247 smb:7544 d:- ref:0 w:3,41,-103 ;
in:363 out:364 type:b dur:2 cpbdur:2 q:24.09 aq:14.72 tex:597 mv:1011 misc:808 imb:21 pmb:159 smb:7980 d:- ref:0 ;
in:365 out:365 type:P dur:2 cpbdur:2 q:23.94 aq:14.40 tex:83206 mv:3091 misc:1271 imb:506 pmb:348 smb:7306 d:- ref:0 w:6,95,-12 ;
in:367 out:366 type:P dur:2 cpbdur:2 q:23.89 aq:11.23 tex:107236 mv:3710 misc:1142 imb:449 pmb:376 smb:7335 d:- ref:0 w:6,103,-15 ;
in:366 out:367 type:b dur:2 cpbdur:2 q:23.92 aq:19.39 tex:4452 mv:1564 misc:960 imb:61 pmb:168 smb:7931 d:- ref:0 ;
in:368 out:368 type:P dur:2 cpbdur:2 q:23.84 aq:10.08 tex:85818 mv:3824 misc:1166 imb:383 pmb:536 smb:7241 d:- ref:0 w:3,9,-3 ;
in:370 out:369 type:P dur:2 cpbdur:2 q:23.85 aq:11.48 tex:102565 mv:3681 misc:1354 imb:246 pmb:424 smb:7490 d:- ref:0 ;
in:369 out:370 type:b dur:2 cpbdur:2 q:23.85 aq:22.78 tex:4125 mv:1317 misc:990 imb:41 pmb:163 smb:7956 d:- ref:0 ;
in:374 out:371 type:P dur:2 cpbdur:2 q:23.86 aq:10.67 tex:101037 mv:3494 misc:1157 imb:211 pmb:417 smb:7532 d:- ref:0 ;
in:372 out:372 type:B dur:2 cpbdur:2 q:23.85 aq:23.53 tex:11659 mv:2649 misc:1268 imb:57 pmb:385 smb:7718 d:- ref:0 ;
in:371 out:373 type:b dur:2 cpbdur:2 q:23.85 aq:24.39 tex:6324 mv:1963 misc:1097 imb:43 pmb:279 smb:7838 d:- ref:0 ;
in:373 out:374 type:b dur:2 cpbdur:2 q:23.86 aq:24.72 tex:4649 mv:1446 misc:1113 imb:25 pmb:233 smb:7902 d:- ref:0 ;
in:378 out:375 type:P dur:2 cpbdur:2 q:23.78 aq:11.89 tex:72297 mv:3923 misc:1220 imb:216 pmb:563 smb:7381 d:- ref:0 ;
in:376 out:376 type:B dur:2 cpbdur:2 q:23.82 aq:13.93 tex:10532 mv:1959 misc:1373 imb:40 pmb:373 smb:7747 d:- ref:0 ;
in:375 out:377 type:b dur:2 cpbdur:2 q:23.84 aq:26.73 tex:2281 mv:1744 misc:1111 imb:46 pmb:277 smb:7837 d:- ref:0 ;
in:377 out:378 type:b dur:2 cpbdur:2 q:23.80 aq:26.47 tex:1803 mv:1098 misc:1011 imb:42 pmb:162 smb:7956 d:- ref:0 ;
in:382 out:379 type:P dur:2 cpbdur:2 q:23.59 aq:11.82 tex:66040 mv:3040 misc:1224 imb:167 pmb:515 smb:7478 d:- ref:0 ;
in:380 out:380 type:B dur:2 cpbdur:2 q:23.69 aq:23.01 tex:4960 mv:1307 misc:1125 imb:29 pmb:279 smb:7852 d:- ref:0 ;
in:379 out:381 type:b dur:2 cpbdur:2 q:23.74 aq:25.40 tex:1716 mv:1037 misc:991 imb:44 pmb:170 smb:7946 d:- ref:0 ;
in:381 out:382 type:b dur:2 cpbdur:2 q:23.64 aq:25.99 tex:2509 mv:1102 misc:1053 imb:25 pmb:209 smb:7926 d:- ref:0 ;
in:383 out:383 type:P dur:2 cpbdur:2 q:23.30 aq:14.03 tex:39260 mv:1623 misc:1397 imb:98 pmb:362 smb:7700 d:- ref:0 ;
in:387 out:384 type:P dur:2 cpbdur:2 q:23.25 aq:9.14 tex:82129 mv:3244 misc:1299 imb:197 pmb:530 smb:7433 d:- ref:0 ;
in:385 out:385 type:B dur:2 cpbdur:2 q:23.28 aq:21.16 tex:8965 mv:1767 misc:1316 imb:35 pmb:322 smb:7803 d:- ref:0 ;
in:384 out:386 type:b dur:2 cpbdur:2 q:23.29 aq:23.27 tex:3723 mv:1335 misc:1070 imb:55 pmb:215 smb:7890 d:- ref:0 ;
in:386 out:387 type:b dur:2 cpbdur:2 q:23.26 aq:24.06 tex:2126 mv:1175 misc:1107 imb:28 pmb:177 smb:7955 d:- ref:0 ;
in:391 out:388 type:P dur:2 cpbdur:2 q:23.09 aq:11.15 tex:80466 mv:2902 misc:1240 imb:197 pmb:486 smb:7477 d:- ref:0 ;
in:389 out:389 type:B dur:2 cpbdur:2 q:23.17 aq:18.97 tex:10156 mv:1723 misc:1201 imb:51 pmb:284 smb:7825 d:- ref:0 ;
in:388 out:390 type:b dur:2 cpbdur:2 q:23.21 aq:23.58 tex:1707 mv:1178 misc:1043 imb:45 pmb:170 smb:7945 d:- ref:0 ;
in:390 out:391 type:b dur:2 cpbdur:2 q:23.13 aq:22.90 tex:3007 mv:1234 misc:1063 imb:46 pmb:203 smb:7911 d:- ref:0 ;
in:395 out:392 type:P dur:2 cpbdur:2 q:22.90 aq:9.65 tex:74156 mv:3202 misc:1434 imb:190 pmb:546 smb:7424 d:- ref:0 ;
in:393 out:393 type:B dur:2 cpbdur:2 q:22.99 aq:18.57 tex:5232 mv:1497 misc:1279 imb:37 pmb:265 smb:7858 d:- ref:0 ;
in:392 out:394 type:b dur:2 cpbdur:2 q:23.04 aq:25.55 tex:1958 mv:1035 misc:967 imb:49 pmb:138 smb:7973 d:- ref:0 ;
in:394 out:395 type:b dur:2 cpbdur:2 q:22.94 aq:24.57 tex:1473 mv:981 misc:986 imb:30 pmb:143 smb:7987 d:- ref:0 ;
in:397 out:396 type:P dur:2 cpbdur:2 q:22.65 aq:9.38 tex:69200 mv:2974 misc:1378 imb:165 pmb:472 smb:7523 d:- ref:0 ;
in:396 out:397 type:b dur:2 cpbdur:2 q:22.77 aq:22.22 tex:4193 mv:1433 misc:1102 imb:34 pmb:245 smb:7881 d:- ref:0 ;
in:401 out:398 type:P dur:2 cpbdur:2 q:22.61 aq:9.05 tex:82045 mv:3143 misc:1412 imb:193 pmb:563 smb:7404 d:- ref:0 ;
in:399 out:399 type:B dur:2 cpbdur:2 q:22.63 aq:21.75 tex:9827 mv:1579 misc:1394 imb:25 pmb:374 smb:7761 d:- ref:0 ;
in:398 out:400 type:b dur:2 cpbdur:2 q:22.64 aq:23.37 tex:2353 mv:1122 misc:1109 imb:33 pmb:208 smb:7919 d:- ref:0 ;
in:400 out:401 type:b dur:2 cpbdur:2 q:22.62 aq:24.38 tex:4508 mv:1213 misc:991 imb:28 pmb:219 smb:7913 d:- ref:0 ;
in:405 out:402 type:P dur:2 cpbdur:2 q:22.36 aq:7.28 tex:82991 mv:3447 misc:1306 imb:182 pmb:535 smb:7443 d:- ref:0 ;
in:403 out:403 type:B dur:2 cpbdur:2 q:22.48 aq:22.81 tex:8360 mv:1821 misc:1299 imb:43 pmb:317 smb:7800 d:- ref:0 ;
in:402 out:404 type:b dur:2 cpbdur:2 q:22.54 aq:24.64 tex:2370 mv:907 misc:1067 imb:14 pmb:192 smb:7954 d:- ref:0 ;
in:404 out:405 type:b dur:2 cpbdur:2 q:22.42 aq:22.33 tex:2819 mv:994 misc:1091 imb:26 pmb:201 smb:7933 d:- ref:0 ;
in:409 out:406 type:P dur:2 cpbdur:2 q:22.12 aq:6.24 tex:75000 mv:3509 misc:1379 imb:223 pmb:517 smb:7420 d:- ref:0 ;
in:407 out:407 type:B dur:2 cpbdur:2 q:22.24 aq:19.72 tex:5269 mv:1589 misc:1214 imb:30 pmb:301 smb:7829 d:- ref:0 ;
in:406 out:408 type:b dur:2 cpbdur:2 q:22.30 aq:24.05 tex:2338 mv:1097 misc:1037 imb:35 pmb:184 smb:7941 d:- ref:0 ;
in:408 out:409 type:b dur:2 cpbdur:2 q:22.18 aq:21.31 tex:3304 mv:1319 misc:1169 imb:40 pmb:259 smb:7861 d:- ref:0 ;
in:413 out:410 type:P dur:2 cpbdur:2 q:21.96 aq:15.14 tex:75612 mv:3110 misc:1230 imb:160 pmb:529 smb:7471 d:- ref:0 ;
in:411 out:411 type:B dur:2 cpbdur:2 q:22.04 aq:20.29 tex:8435 mv:1421 misc:1328 imb:25 pmb:339 smb:7796 d:- ref:0 ;
in:410 out:412 type:b dur:2 cpbdur:2 q:22.08 aq:23.13 tex:2958 mv:1151 misc:1083 imb:44 pmb:181 smb:7935 d:- ref:0 ;
in:412 out:413 type:b dur:2 cpbdur:2 q:22.00 aq:24.78 tex:2670 mv:1005 misc:1045 imb:32 pmb:179 smb:7949 d:- ref:0 ;
in:416 out:414 type:P dur:2 cpbdur:2 q:21.70 aq:8.18 tex:91208 mv:3873 misc:1471 imb:328 pmb:554 smb:7278 d:- ref:0 ;
in:414 out:415 type:B dur:2 cpbdur:2 q:21.88 aq:14.13 tex:5297 mv:1556 misc:1323 imb:38 pmb:297 smb:7825 d:- ref:0 ;
in:415 out:416 type:b dur:2 cpbdur:2 q:21.79 aq:21.62 tex:4224 mv:1609 misc:1295 imb:42 pmb:271 smb:7847 d:- ref:0 ;
in:417 out:417 type:P dur:2 cpbdur:2 q:21.58 aq:6.83 tex:49253 mv:2165 misc:1390 imb:251 pmb:362 smb:7547 d:- ref:0 ;
in:421 out:418 type:P dur:2 cpbdur:2 q:21.54 aq:10.46 tex:83960 mv:2957 misc:1403 imb:184 pmb:478 smb:7498 d:- ref:0 ;
in:419 out:419 type:B dur:2 cpbdur:2 q:21.56 aq:13.63 tex:8508 mv:1710 misc:1302 imb:49 pmb:303 smb:7808 d:- ref:0 ;
in:418 out:420 type:b dur:2 cpbdur:2 q:21.57 aq:18.94 tex:2726 mv:1092 misc:1046 imb:38 pmb:185 smb:7937 d:- ref:0 ;
in:420 out:421 type:b dur:2 cpbdur:2 q:21.55 aq:19.92 tex:2681 mv:914 misc:1021 imb:30 pmb:182 smb:7948 d:- ref:0 ;
in:425 out:422 type:P dur:2 cpbdur:2 q:21.33 aq:9.29 tex:78967 mv:3046 misc:1379 imb:151 pmb:526 smb:7483 d:- ref:0 ;
in:423 out:423 type:B dur:2 cpbdur:2 q:21.43 aq:15.89 tex:11097 mv:1861 misc:1330 imb:44 pmb:362 smb:7754 d:- ref:0 ;
in:422 out:424 type:b dur:2 cpbdur:2 q:21.49 aq:20.84 tex:2162 mv:1092 misc:1010 imb:33 pmb:157 smb:7970 d:- ref:0 ;
in:424 out:425 type:b dur:2 cpbdur:2 q:21.38 aq:24.27 tex:4126 mv:1212 misc:1062 imb:35 pmb:230 smb:7895 d:- ref:0 ;
in:427 out:426 type:P dur:2 cpbdur:2 q:21.12 aq:11.72 tex:53940 mv:1819 misc:1313 imb:140 pmb:374 smb:7646 d:- ref:0 ;
in:426 out:427 type:b dur:2 cpbdur:2 q:21.22 aq:19.73 tex:3443 mv:1091 misc:1082 imb:31 pmb:196 smb:7933 d:- ref:0 ;
in:431 out:428 type:P dur:2 cpbdur:2 q:21.03 aq:10.58 tex:84618 mv:3292 misc:1266 imb:195 pmb:521 smb:7444 d:- ref:0 ;
in:429 out:429 type:B dur:2 cpbdur:2 q:21.07 aq:16.42 tex:14867 mv:2343 misc:1390 imb:49 pmb:399 smb:7712 d:- ref:0 ;
in:428 out:430 type:b dur:2 cpbdur:2 q:21.09 aq:16.97 tex:4637 mv:1554 misc:1265 imb:41 pmb:267 smb:7852 d:- ref:0 ;
in:430 out:431 type:b dur:2 cpbdur:2 q:21.05 aq:18.07 tex:2802 mv:1168 misc:1110 imb:35 pmb:192 smb:7933 d:- ref:0 ;
in:433 out:432 type:P dur:2 cpbdur:2 q:20.96 aq:12.35 tex:53106 mv:3274 misc:1332 imb:182 pmb:418 smb:7560 d:- ref:0 ;
in:432 out:433 type:b dur:2 cpbdur:2 q:20.99 aq:19.49 tex:4648 mv:2322 misc:1238 imb:31 pmb:297 smb:7832 d:- ref:0 ;
in:434 out:434 type:P dur:2 cpbdur:2 q:20.93 aq:9.86 tex:63314 mv:3417 misc:1397 imb:214 pmb:487 smb:7459 d:- ref:0 ;
in:437 out:435 type:P dur:2 cpbdur:2 q:20.91 aq:12.02 tex:115054 mv:3852 misc:1286 imb:541 pmb:348 smb:7271 d:- ref:0 ;
in:435 out:436 type:B dur:2 cpbdur:2 q:20.92 aq:12.95 tex:30376 mv:7082 misc:1486 imb:117 pmb:517 smb:7526 d:- ref:0 ;
in:436 out:437 type:b dur:2 cpbdur:2 q:20.92 aq:16.40 tex:33927 mv:7040 misc:1305 imb:147 pmb:455 smb:7558 d:- ref:0 ;
in:439 out:438 type:P dur:2 cpbdur:2 q:20.86 aq:8.15 tex:131261 mv:5881 misc:1178 imb:603 pmb:475 smb:7082 d:- ref:0 ;
in:438 out:439 type:b dur:2 cpbdur:2 q:20.89 aq:14.27 tex:46805 mv:7292 misc:1247 imb:128 pmb:481 smb:7551 d:- ref:0 ;
in:441 out:440 type:P dur:2 cpbdur:2 q:20.83 aq:6.97 tex:235794 mv:6711 misc:1231 imb:588 pmb:433 smb:7139 d:- ref:0 ;
in:440 out:441 type:b dur:2 cpbdur:2 q:20.85 aq:14.97 tex:66420 mv:9460 misc:1416 imb:192 pmb:662 smb:7306 d:- ref:0 ;
in:442 out:442 type:P dur:2 cpbdur:2 q:20.81 aq:11.44 tex:101078 mv:4076 misc:1518 imb:182 pmb:483 smb:7495 d:- ref:0 ;
in:443 out:443 type:P dur:2 cpbdur:2 q:20.84 aq:6.27 tex:76560 mv:3050 misc:1374 imb:114 pmb:395 smb:7651 d:- ref:0 ;
in:447 out:444 type:P dur:2 cpbdur:2 q:20.90 aq:5.65 tex:113449 mv:4086 misc:1281 imb:250 pmb:552 smb:7358 d:- ref:0 ;
in:445 out:445 type:B dur:2 cpbdur:2 q:20.87 aq:18.89 tex:22368 mv:3275 misc:1253 imb:62 pmb:456 smb:7642 d:- ref:0 ;
in:444 out:446 type:b dur:2 cpbdur:2 q:20.85 aq:23.34 tex:6979 mv:3068 misc:1249 imb:34 pmb:415 smb:7711 d:- ref:0 ;
in:446 out:447 type:b dur:2 cpbdur:2 q:20.89 aq:23.51 tex:6100 mv:1623 misc:1125 imb:46 pmb:224 smb:7890 d:- ref:0 ;
in:451 out:448 type:P dur:2 cpbdur:2 q:20.88 aq:7.44 tex:82233 mv:3091 misc:1356 imb:138 pmb:578 smb:7444 d:- ref:0 ;
in:449 out:449 type:B dur:2 cpbdur:2 q:20.89 aq:19.30 tex:8800 mv:1990 misc:1258 imb:31 pmb:329 smb:7800 d:- ref:0 ;
in:448 out:450 type:b dur:2 cpbdur:2 q:20.89 aq:22.80 tex:6487 mv:1440 misc:1089 imb:41 pmb:272 smb:7847 d:- ref:0 ;
in:450 out:451 type:b dur:2 cpbdur:2 q:20.88 aq:23.16 tex:3139 mv:1456 misc:1037 imb:49 pmb:218 smb:7893 d:- ref:0 ;
in:455 out:452 type:P dur:2 cpbdur:2 q:20.74 aq:7.08 tex:84587 mv:2820 misc:1313 imb:176 pmb:493 smb:7491 d:- ref:0 ;
in:453 out:453 type:B dur:2 cpbdur:2 q:20.81 aq:16.34 tex:13862 mv:1780 misc:1326 imb:47 pmb:393 smb:7720 d:- ref:0 ;
in:452 out:454 type:b dur:2 cpbdur:2 q:20.84 aq:22.27 tex:3787 mv:1281 misc:1180 imb:40 pmb:233 smb:7887 d:- ref:0 ;
in:454 out:455 type:b dur:2 cpbdur:2 q:20.77 aq:17.23 tex:3456 mv:1531 misc:1149 imb:42 pmb:248 smb:7870 d:- ref:0 ;
in:459 out:456 type:P dur:2 cpbdur:2 q:20.68 aq:11.34 tex:82219 mv:3233 misc:1324 imb:172 pmb:549 smb:7439 d:- ref:0 ;
in:457 out:457 type:B dur:2 cpbdur:2 q:20.71 aq:16.75 tex:11044 mv:2119 misc:1245 imb:56 pmb:335 smb:7769 d:- ref:0 ;
in:456 out:458 type:b dur:2 cpbdur:2 q:20.73 aq:22.62 tex:5892 mv:1506 misc:1066 imb:40 pmb:224 smb:7896 d:- ref:0 ;
in:458 out:459 type:b dur:2 cpbdur:2 q:20.69 aq:20.65 tex:3451 mv:1445 misc:1120 imb:23 pmb:267 smb:7870 d:- ref:0 ;
in:463 out:460 type:P dur:2 cpbdur:2 q:20.62 aq:12.54 tex:78521 mv:3268 misc:1355 imb:223 pmb:546 smb:7391 d:- ref:0 ;
in:461 out:461 type:B dur:2 cpbdur:2 q:20.65 aq:18.70 tex:9737 mv:1887 misc:1328 imb:35 pmb:352 smb:7773 d:- ref:0 ;
in:460 out:462 type:b dur:2 cpbdur:2 q:20.66 aq:19.46 tex:2463 mv:910 misc:971 imb:1 pmb:178 smb:7981 d:- ref:0 ;
in:462 out:463 type:b dur:2 cpbdur:2 q:20.63 aq:20.43 tex:5463 mv:1623 misc:1146 imb:46 pmb:273 smb:7841 d:- ref:0 ;
in:467 out:464 type:P dur:2 cpbdur:2 q:20.56 aq:7.70 tex:65482 mv:2604 misc:1218 imb:181 pmb:469 smb:7510 d:- ref:0 ;
in:465 out:465 type:B dur:2 cpbdur:2 q:20.59 aq:14.32 tex:14429 mv:2060 misc:1279 imb:50 pmb:369 smb:7741 d:- ref:0 ;
in:464 out:466 type:b dur:2 cpbdur:2 q:20.60 aq:23.62 tex:7136 mv:1442 misc:1086 imb:24 pmb:279 smb:7857 d:- ref:0 ;
in:466 out:467 type:b dur:2 cpbdur:2 q:20.57 aq:22.78 tex:4299 mv:1244 misc:1065 imb:18 pmb:226 smb:7916 d:- ref:0 ;
in:471 out:468 type:P dur:2 cpbdur:2 q:20.50 aq:14.26 tex:57257 mv:3187 misc:1236 imb:225 pmb:523 smb:7412 d:- ref:0 ;
in:469 out:469 type:B dur:2 cpbdur:2 q:20.53 aq:16.31 tex:10526 mv:1733 misc:1285 imb:34 pmb:384 smb:7742 d:- ref:0 ;
in:468 out:470 type:b dur:2 cpbdur:2 q:20.54 aq:22.86 tex:4253 mv:1557 misc:1158 imb:58 pmb:250 smb:7852 d:- ref:0 ;
in:470 out:471 type:b dur:2 cpbdur:2 q:20.51 aq:20.94 tex:4548 mv:1468 misc:1104 imb:30 pmb:252 smb:7878 d:- ref:0 ;
in:472 out:472 type:P dur:2 cpbdur:2 q:20.44 aq:13.18 tex:34160 mv:2354 misc:1286 imb:110 pmb:399 smb:7651 d:- ref:0 ;
in:475 out:473 type:P dur:2 cpbdur:2 q:20.42 aq:8.41 tex:85129 mv:5361 misc:1358 imb:435 pmb:619 smb:7106 d:- ref:0 w:6,33,12,6,47,34,47,34 ;
in:473 out:474 type:B dur:2 cpbdur:2 q:20.43 aq:18.79 tex:20383 mv:4021 misc:1500 imb:121 pmb:482 smb:7557 d:- ref:0 ;
in:474 out:475 type:b dur:2 cpbdur:2 q:20.42 aq:19.26 tex:15351 mv:3425 misc:1344 imb:90 pmb:356 smb:7714 d:- ref:0 ;
in:477 out:476 type:P dur:2 cpbdur:2 q:20.37 aq:9.48 tex:184888 mv:12005 misc:1131 imb:3053 pmb:152 smb:4955 d:- ref:0 ;
in:476 out:477 type:b dur:2 cpbdur:2 q:20.40 aq:14.30 tex:28540 mv:5453 misc:1799 imb:224 pmb:786 smb:7150 d:- ref:0 ;
in:478 out:478 type:I dur:2 cpbdur:2 q:17.82 aq:3.55 tex:368367 mv:58339 misc:598 imb:8160 pmb:0 smb:0 d:- ref:;
in:482 out:479 type:P dur:2 cpbdur:2 q:20.34 aq:8.76 tex:565548 mv:20092 misc:1040 imb:3033 pmb:841 smb:4286 d:- ref:0 w:4,59,-67,0,2,-128,2,-128 ;
in:480 out:480 type:B dur:2 cpbdur:2 q:20.34 aq:10.86 tex:93891 mv:13958 misc:3023 imb:991 pmb:1828 smb:5341 d:- ref:0 ;
in:479 out:481 type:b dur:2 cpbdur:2 q:20.34 aq:11.54 tex:85713 mv:17445 misc:2586 imb:1378 pmb:1290 smb:5492 d:- ref:0 ;
in:481 out:482 type:b dur:2 cpbdur:2 q:20.34 aq:11.24 tex:40665 mv:8551 misc:3232 imb:492 pmb:1266 smb:6402 d:- ref:0 ;
in:485 out:483 type:P dur:2 cpbdur:2 q:20.52 aq:5.49 tex:304310 mv:20463 misc:875 imb:5904 pmb:2037 smb:219 d:- ref:0 w:5,35,-1,6,74,-20,73,-18 ;
in:483 out:484 type:B dur:2 cpbdur:2 q:20.40 aq:14.94 tex:44096 mv:10959 misc:3697 imb:288 pmb:1719 smb:6153 d:- ref:0 ;
in:484 out:485 type:b dur:2 cpbdur:2 q:20.46 aq:12.89 tex:24874 mv:6475 misc:3115 imb:252 pmb:917 smb:6991 d:- ref:0 ;
in:489 out:486 type:P dur:2 cpbdur:2 q:20.65 aq:8.84 tex:240789 mv:15764 misc:1951 imb:749 pmb:2196 smb:5215 d:- ref:0 ;
in:487 out:487 type:B dur:2 cpbdur:2 q:20.58 aq:11.64 tex:39946 mv:11771 misc:3371 imb:295 pmb:1406 smb:6459 d:- ref:0 ;
in:486 out:488 type:b dur:2 cpbdur:2 q:20.55 aq:17.31 tex:20529 mv:6503 misc:3192 imb:197 pmb:971 smb:6992 d:- ref:0 ;
in:488 out:489 type:b dur:2 cpbdur:2 q:20.62 aq:12.73 tex:18524 mv:6447 misc:3013 imb:229 pmb:874 smb:7057 d:- ref:0 ;
in:493 out:490 type:P dur:2 cpbdur:2 q:20.88 aq:8.81 tex:196913 mv:15243 misc:1948 imb:538 pmb:2238 smb:5384 d:- ref:0 ;
in:491 out:491 type:B dur:2 cpbdur:2 q:20.76 aq:13.58 tex:33282 mv:10542 misc:3296 imb:234 pmb:1409 smb:6517 d:- ref:0 ;
in:490 out:492 type:b dur:2 cpbdur:2 q:20.71 aq:13.71 tex:11702 mv:4446 misc:2700 imb:200 pmb:731 smb:7229 d:- ref:0 ;
in:492 out:493 type:b dur:2 cpbdur:2 q:20.82 aq:15.93 tex:14470 mv:5364 misc:2894 imb:167 pmb:841 smb:7152 d:- ref:0 ;
in:497 out:494 type:P dur:2 cpbdur:2 q:20.91 aq:9.69 tex:177779 mv:14934 misc:2023 imb:597 pmb:2203 smb:5360 d:- ref:0 ;
in:495 out:495 type:B dur:2 cpbdur:2 q:20.90 aq:12.92 tex:27712 mv:9902 misc:3266 imb:152 pmb:1286 smb:6722 d:- ref:0 ;
in:494 out:496 type:b dur:2 cpbdur:2 q:20.89 aq:15.23 tex:13092 mv:4530 misc:2762 imb:135 pmb:758 smb:7267 d:- ref:0 ;
in:496 out:497 type:b dur:2 cpbdur:2 q:20.90 aq:13.43 tex:12427 mv:5124 misc:2857 imb:133 pmb:812 smb:7215 d:- ref:0 ;
in:501 out:498 type:P dur:2 cpbdur:2 q:20.87 aq:7.82 tex:183400 mv:15153 misc:2039 imb:595 pmb:2196 smb:5369 d:- ref:0 ;
in:499 out:499 type:B dur:2 cpbdur:2 q:20.89 aq:12.12 tex:29167 mv:9648 misc:3473 imb:215 pmb:1298 smb:6647 d:- ref:0 ;
in:498 out:500 type:b dur:2 cpbdur:2 q:20.90 aq:15.13 tex:13415 mv:5317 misc:2780 imb:198 pmb:674 smb:7288 d:- ref:0 ;
in:500 out:501 type:b dur:2 cpbdur:2 q:20.88 aq:15.60 tex:14278 mv:5659 misc:3071 imb:190 pmb:833 smb:7137 d:- ref:0 ;
in:505 out:502 type:P dur:2 cpbdur:2 q:20.87 aq:9.26 tex:244999 mv:16513 misc:2120 imb:722 pmb:2211 smb:5227 d:- ref:0 ;
in:503 out:503 type:B dur:2 cpbdur:2 q:20.87 aq:12.31 tex:27253 mv:10216 misc:3555 imb:167 pmb:1431 smb:6562 d:- ref:0 ;
in:502 out:504 type:b dur:2 cpbdur:2 q:20.87 aq:16.22 tex:14212 mv:5226 misc:2842 imb:183 pmb:722 smb:7255 d:- ref:0 ;
in:504 out:505 type:b dur:2 cpbdur:2 q:20.87 aq:15.99 tex:26060 mv:4810 misc:2978 imb:162 pmb:783 smb:7215 d:- ref:0 ;
in:509 out:506 type:P dur:2 cpbdur:2 q:20.95 aq:8.67 tex:160473 mv:16158 misc:2305 imb:833 pmb:2261 smb:5066 d:- ref:0 ;
in:507 out:507 type:B dur:2 cpbdur:2 q:20.91 aq:12.53 tex:30218 mv:10176 misc:3774 imb:151 pmb:1494 smb:6515 d:- ref:0 ;
in:506 out:508 type:b dur:2 cpbdur:2 q:20.89 aq:15.27 tex:11534 mv:3966 misc:2764 imb:125 pmb:679 smb:7356 d:- ref:0 ;
in:508 out:509 type:b dur:2 cpbdur:2 q:20.93 aq:15.46 tex:11181 mv:4879 misc:2940 imb:150 pmb:752 smb:7258 d:- ref:0 ;
in:513 out:510 type:P dur:2 cpbdur:2 q:20.90 aq:9.58 tex:150349 mv:15655 misc:2572 imb:644 pmb:2213 smb:5303 d:- ref:0 ;
in:511 out:511 type:B dur:2 cpbdur:2 q:20.92 aq:10.92 tex:29397 mv:9369 misc:3626 imb:199 pmb:1316 smb:6645 d:- ref:0 ;
in:510 out:512 type:b dur:2 cpbdur:2 q:20.93 aq:15.72 tex:15835 mv:5944 misc:3125 imb:154 pmb:879 smb:7127 d:- ref:0 ;
in:512 out:513 type:b dur:2 cpbdur:2 q:20.91 aq:12.72 tex:16386 mv:6271 misc:3143 imb:167 pmb:926 smb:7067 d:- ref:0 ;
in:517 out:514 type:P dur:2 cpbdur:2 q:20.83 aq:10.00 tex:87267 mv:12565 misc:3424 imb:742 pmb:1653 smb:5765 d:- ref:0 ;
in:515 out:515 type:B dur:2 cpbdur:2 q:20.86 aq:11.77 tex:33407 mv:10849 misc:3600 imb:225 pmb:1563 smb:6372 d:- ref:0 ;
in:514 out:516 type:b dur:2 cpbdur:2 q:20.88 aq:15.17 tex:14254 mv:5445 misc:2981 imb:220 pmb:791 smb:7149 d:- ref:0 ;
in:516 out:517 type:b dur:2 cpbdur:2 q:20.85 aq:17.30 tex:14161 mv:6571 misc:3140 imb:223 pmb:917 smb:7020 d:- ref:0 ;
in:518 out:518 type:P dur:2 cpbdur:2 q:20.76 aq:9.64 tex:158161 mv:17497 misc:1598 imb:1163 pmb:1547 smb:5450 d:- ref:0 ;
in:522 out:519 type:P dur:2 cpbdur:2 q:20.79 aq:9.79 tex:778671 mv:22960 misc:1489 imb:4736 pmb:615 smb:2809 d:- ref:0 ;
in:520 out:520 type:B dur:2 cpbdur:2 q:20.78 aq:14.00 tex:177022 mv:16546 misc:2024 imb:1089 pmb:2279 smb:4792 d:- ref:0 ;
in:519 out:521 type:b dur:2 cpbdur:2 q:20.77 aq:14.78 tex:42875 mv:6594 misc:3515 imb:392 pmb:1489 smb:6279 d:- ref:0 ;
in:521 out:522 type:b dur:2 cpbdur:2 q:20.79 aq:15.67 tex:83350 mv:11497 misc:3153 imb:508 pmb:1887 smb:5765 d:- ref:0 ;
in:523 out:523 type:P dur:2 cpbdur:2 q:21.75 aq:11.59 tex:535052 mv:23380 misc:1232 imb:1393 pmb:1852 smb:4915 d:- ref:0 w:6,67,-1 ;
in:524 out:524 type:P dur:2 cpbdur:2 q:21.99 aq:9.73 tex:554643 mv:25862 misc:1087 imb:3320 pmb:2140 smb:2700 d:- ref:0 w:6,69,-2 ;
in:528 out:525 type:P dur:2 cpbdur:2 q:22.27 aq:10.23 tex:239595 mv:14233 misc:1484 imb:1244 pmb:2348 smb:4568 d:- ref:0 ;
in:526 out:526 type:B dur:2 cpbdur:2 q:22.13 aq:14.71 tex:25126 mv:8625 misc:2649 imb:472 pmb:775 smb:6913 d:- ref:0 ;
in:525 out:527 type:b dur:2 cpbdur:2 q:22.06 aq:16.81 tex:13793 mv:4636 misc:2155 imb:195 pmb:639 smb:7326 d:- ref:0 ;
in:527 out:528 type:b dur:2 cpbdur:2 q:22.20 aq:16.26 tex:15308 mv:3939 misc:2129 imb:155 pmb:665 smb:7340 d:- ref:0 ;
in:532 out:529 type:P dur:2 cpbdur:2 q:22.28 aq:11.02 tex:217436 mv:12135 misc:1773 imb:376 pmb:2352 smb:5432 d:- ref:0 ;
in:530 out:530 type:B dur:2 cpbdur:2 q:22.27 aq:14.74 tex:19587 mv:5978 misc:2659 imb:124 pmb:742 smb:7294 d:- ref:0 ;
in:529 out:531 type:b dur:2 cpbdur:2 q:22.27 aq:18.68 tex:12036 mv:3180 misc:1792 imb:146 pmb:386 smb:7628 d:- ref:0 ;
in:531 out:532 type:b dur:2 cpbdur:2 q:22.28 aq:18.55 tex:14990 mv:3015 misc:1907 imb:118 pmb:434 smb:7608 d:- ref:0 ;
in:536 out:533 type:P dur:2 cpbdur:2 q:22.61 aq:10.20 tex:223581 mv:13065 misc:1994 imb:450 pmb:2397 smb:5313 d:- ref:0 ;
in:534 out:534 type:B dur:2 cpbdur:2 q:22.44 aq:14.71 tex:20716 mv:7113 misc:2811 imb:152 pmb:877 smb:7131 d:- ref:0 ;
in:533 out:535 type:b dur:2 cpbdur:2 q:22.36 aq:23.02 tex:10123 mv:2729 misc:1900 imb:79 pmb:398 smb:7683 d:- ref:0 ;
in:535 out:536 type:b dur:2 cpbdur:2 q:22.53 aq:18.71 tex:9217 mv:2521 misc:1726 imb:102 pmb:370 smb:7688 d:- ref:0 ;
in:540 out:537 type:P dur:2 cpbdur:2 q:22.64 aq:10.06 tex:213357 mv:13845 misc:2126 imb:645 pmb:2445 smb:5070 d:- ref:0 ;
in:538 out:538 type:B dur:2 cpbdur:2 q:22.62 aq:14.42 tex:18793 mv:5637 misc:2634 imb:142 pmb:751 smb:7267 d:- ref:0 ;
in:537 out:539 type:b dur:2 cpbdur:2 q:22.62 aq:17.99 tex:9770 mv:2718 misc:1840 imb:67 pmb:439 smb:7654 d:- ref:0 ;
in:539 out:540 type:b dur:2 cpbdur:2 q:22.63 aq:21.78 tex:6729 mv:1686 misc:1553 imb:87 pmb:282 smb:7791 d:- ref:0 ;
in:544 out:541 type:P dur:2 cpbdur:2 q:22.67 aq:11.28 tex:193988 mv:11886 misc:2014 imb:366 pmb:2320 smb:5474 d:- ref:0 ;
in:542 out:542 type:B dur:2 cpbdur:2 q:22.65 aq:16.70 tex:16904 mv:5020 misc:2460 imb:137 pmb:578 smb:7445 d:- ref:0 ;
in:541 out:543 type:b dur:2 cpbdur:2 q:22.65 aq:18.26 tex:8117 mv:2069 misc:1566 imb:85 pmb:328 smb:7747 d:- ref:0 ;
in:543 out:544 type:b dur:2 cpbdur:2 q:22.66 aq:18.93 tex:9667 mv:3217 misc:1788 imb:134 pmb:344 smb:7682 d:- ref:0 ;
in:548 out:545 type:P dur:2 cpbdur:2 q:22.57 aq:10.08 tex:185125 mv:12422 misc:2165 imb:486 pmb:2372 smb:5302 d:- ref:0 ;
in:546 out:546 type:B dur:2 cpbdur:2 q:22.62 aq:15.13 tex:21842 mv:5694 misc:2608 imb:135 pmb:681 smb:7344 d:- ref:0 ;
in:545 out:547 type:b dur:2 cpbdur:2 q:22.65 aq:16.70 tex:10298 mv:2488 misc:1638 imb:119 pmb:311 smb:7730 d:- ref:0 ;
in:547 out:548 type:b dur:2 cpbdur:2 q:22.60 aq:18.23 tex:6617 mv:1891 misc:1580 imb:110 pmb:251 smb:7799 d:- ref:0 ;
in:552 out:549 type:P dur:2 cpbdur:2 q:22.53 aq:10.88 tex:182593 mv:12717 misc:2146 imb:487 pmb:2366 smb:5307 d:- ref:0 ;
in:550 out:550 type:B dur:2 cpbdur:2 q:22.55 aq:14.60 tex:21374 mv:6116 misc:2758 imb:141 pmb:793 smb:7226 d:- ref:0 ;
in:549 out:551 type:b dur:2 cpbdur:2 q:22.56 aq:18.86 tex:8052 mv:1765 misc:1671 imb:52 pmb:348 smb:7760 d:- ref:0 ;
in:551 out:552 type:b dur:2 cpbdur:2 q:22.54 aq:19.28 tex:9409 mv:2577 misc:1606 imb:112 pmb:271 smb:7777 d:- ref:0 ;
in:556 out:553 type:P dur:2 cpbdur:2 q:22.49 aq:10.60 tex:152699 mv:12227 misc:2178 imb:502 pmb:2301 smb:5357 d:- ref:0 ;
in:554 out:554 type:B dur:2 cpbdur:2 q:22.51 aq:14.99 tex:18751 mv:5673 misc:2704 imb:138 pmb:683 smb:7339 d:- ref:0 ;
in:553 out:555 type:b dur:2 cpbdur:2 q:22.52 aq:17.45 tex:13365 mv:3210 misc:1825 imb:117 pmb:430 smb:7613 d:- ref:0 ;
in:555 out:556 type:b dur:2 cpbdur:2 q:22.50 aq:18.51 tex:11558 mv:2305 misc:1825 imb:49 pmb:397 smb:7714 d:- ref:0 ;
in:560 out:557 type:P dur:2 cpbdur:2 q:22.49 aq:11.79 tex:149994 mv:13284 misc:2554 imb:598 pmb:2330 smb:5232 d:- ref:0 ;
in:558 out:558 type:B dur:2 cpbdur:2 q:22.49 aq:14.74 tex:17118 mv:5997 misc:2669 imb:192 pmb:760 smb:7208 d:- ref:0 ;
in:557 out:559 type:b dur:2 cpbdur:2 q:22.49 aq:23.91 tex:15093 mv:3424 misc:2179 imb:116 pmb:533 smb:7511 d:- ref:0 ;
in:559 out:560 type:b dur:2 cpbdur:2 q:22.49 aq:18.09 tex:17296 mv:2723 misc:1893 imb:113 pmb:363 smb:7684 d:- ref:0 ;
in:564 out:561 type:P dur:2 cpbdur:2 q:22.36 aq:12.08 tex:126696 mv:12433 misc:2655 imb:506 pmb:2259 smb:5395 d:- ref:0 ;
in:562 out:562 type:B dur:2 cpbdur:2 q:22.42 aq:15.16 tex:22363 mv:7493 misc:2944 imb:203 pmb:852 smb:7105 d:- ref:0 ;
in:561 out:563 type:b dur:2 cpbdur:2 q:22.46 aq:23.54 tex:13674 mv:3724 misc:1946 imb:184 pmb:428 smb:7548 d:- ref:0 ;
in:563 out:564 type:b dur:2 cpbdur:2 q:22.39 aq:15.74 tex:9257 mv:2600 misc:1959 imb:66 pmb:402 smb:7692 d:- ref:0 ;
in:568 out:565 type:P dur:2 cpbdur:2 q:22.27 aq:11.86 tex:140414 mv:14960 misc:2954 imb:850 pmb:2104 smb:5206 d:- ref:0 ;
in:566 out:566 type:B dur:2 cpbdur:2 q:22.32 aq:13.89 tex:29718 mv:7646 misc:3044 imb:201 pmb:944 smb:7015 d:- ref:0 ;
in:565 out:567 type:b dur:2 cpbdur:2 q:22.34 aq:16.12 tex:12978 mv:2494 misc:2032 imb:67 pmb:432 smb:7661 d:- ref:0 ;
in:567 out:568 type:b dur:2 cpbdur:2 q:22.29 aq:21.36 tex:21274 mv:3694 misc:2136 imb:53 pmb:596 smb:7511 d:- ref:0 ;
in:571 out:569 type:P dur:2 cpbdur:2 q:22.22 aq:14.02 tex:109983 mv:10679 misc:3178 imb:666 pmb:1465 smb:6029 d:- ref:0 ;
in:569 out:570 type:B dur:2 cpbdur:2 q:22.26 aq:15.60 tex:28598 mv:5641 misc:2561 imb:223 pmb:647 smb:7290 d:- ref:0 ;
in:570 out:571 type:b dur:2 cpbdur:2 q:22.24 aq:16.55 tex:19950 mv:5180 misc:2590 imb:205 pmb:591 smb:7364 d:- ref:0 ;
in:575 out:572 type:P dur:2 cpbdur:2 q:22.19 aq:13.73 tex:487686 mv:30420 misc:1318 imb:7288 pmb:601 smb:271 d:- ref:0 w:7,97,8,6,38,52,37,54 ;
in:573 out:573 type:B dur:2 cpbdur:2 q:22.21 aq:12.41 tex:259345 mv:31880 misc:1831 imb:1388 pmb:2180 smb:4592 d:- ref:0 ;
in:572 out:574 type:b dur:2 cpbdur:2 q:22.21 aq:15.53 tex:113013 mv:17680 misc:2499 imb:893 pmb:2261 smb:5006 d:- ref:0 ;
in:574 out:575 type:b dur:2 cpbdur:2 q:22.20 aq:16.12 tex:137863 mv:23118 misc:3003 imb:716 pmb:2310 smb:5134 d:- ref:0 ;
in:576 out:576 type:P dur:2 cpbdur:2 q:22.45 aq:14.67 tex:446821 mv:25451 misc:5312 imb:3905 pmb:954 smb:3301 d:- ref:0 w:6,75,-3,6,78,-28,73,-18 ;
in:577 out:577 type:P dur:2 cpbdur:2 q:22.58 aq:13.52 tex:882397 mv:29802 misc:3625 imb:3734 pmb:2470 smb:1956 d:- ref:0 ;
in:581 out:578 type:P dur:2 cpbdur:2 q:23.03 aq:10.11 tex:1598971 mv:37633 misc:596 imb:6961 pmb:1192 smb:7 d:- ref:0 w:3,9,-3 ;
in:579 out:579 type:B dur:2 cpbdur:2 q:22.81 aq:17.41 tex:235466 mv:28221 misc:2801 imb:439 pmb:2134 smb:5587 d:- ref:0 ;
in:578 out:580 type:b dur:2 cpbdur:2 q:22.70 aq:16.76 tex:168836 mv:25561 misc:1731 imb:397 pmb:1784 smb:5979 d:- ref:0 ;
in:580 out:581 type:b dur:2 cpbdur:2 q:22.92 aq:18.63 tex:122086 mv:21656 misc:1962 imb:153 pmb:1805 smb:6202 d:- ref:0 ;
in:585 out:582 type:P dur:2 cpbdur:2 q:24.11 aq:11.42 tex:324361 mv:21549 misc:4234 imb:892 pmb:2155 smb:5113 d:- ref:0 ;
in:583 out:583 type:B dur:2 cpbdur:2 q:23.57 aq:18.99 tex:146473 mv:23739 misc:2020 imb:258 pmb:1694 smb:6208 d:- ref:0 ;
in:582 out:584 type:b dur:2 cpbdur:2 q:23.30 aq:21.51 tex:126397 mv:24997 misc:1846 imb:248 pmb:1707 smb:6205 d:- ref:0 ;
in:584 out:585 type:b dur:2 cpbdur:2 q:23.84 aq:21.20 tex:88546 mv:17982 misc:2144 imb:167 pmb:1488 smb:6505 d:- ref:0 ;
in:589 out:586 type:P dur:2 cpbdur:2 q:25.24 aq:12.73 tex:273666 mv:21750 misc:2056 imb:872 pmb:1645 smb:5643 d:- ref:0 ;
in:587 out:587 type:B dur:2 cpbdur:2 q:24.68 aq:21.02 tex:117085 mv:23048 misc:2075 imb:316 pmb:1591 smb:6253 d:- ref:0 ;
in:586 out:588 type:b dur:2 cpbdur:2 q:24.39 aq:21.67 tex:77859 mv:19140 misc:2209 imb:198 pmb:1564 smb:6398 d:- ref:0 ;
in:588 out:589 type:b dur:2 cpbdur:2 q:24.96 aq:23.52 tex:80537 mv:19274 misc:2125 imb:223 pmb:1457 smb:6480 d:- ref:0 ;
in:593 out:590 type:P dur:2 cpbdur:2 q:25.49 aq:12.93 tex:231931 mv:19348 misc:2289 imb:828 pmb:1621 smb:5711 d:- ref:0 ;
in:591 out:591 type:B dur:2 cpbdur:2 q:25.37 aq:23.76 tex:93594 mv:21717 misc:2121 imb:306 pmb:1514 smb:6340 d:- ref:0 ;
in:590 out:592 type:b dur:2 cpbdur:2 q:25.31 aq:23.99 tex:52507 mv:15588 misc:2345 imb:128 pmb:1420 smb:6612 d:- ref:0 ;
in:592 out:593 type:b dur:2 cpbdur:2 q:25.43 aq:23.05 tex:67177 mv:17797 misc:2186 imb:157 pmb:1447 smb:6556 d:- ref:0 ;
in:597 out:594 type:P dur:2 cpbdur:2 q:25.70 aq:13.31 tex:246534 mv:21915 misc:1719 imb:945 pmb:1602 smb:5613 d:- ref:0 ;
in:595 out:595 type:B dur:2 cpbdur:2 q:25.60 aq:23.27 tex:104749 mv:23720 misc:2219 imb:263 pmb:1671 smb:6226 d:- ref:0 ;
in:594 out:596 type:b dur:2 cpbdur:2 q:25.55 aq:23.23 tex:62991 mv:18208 misc:2425 imb:158 pmb:1413 smb:6589 d:- ref:0 ;
in:596 out:597 type:b dur:2 cpbdur:2 q:25.65 aq:24.91 tex:80924 mv:18754 misc:2306 imb:171 pmb:1606 smb:6383 d:- ref:0 ;
in:601 out:598 type:P dur:2 cpbdur:2 q:25.86 aq:13.28 tex:245168 mv:21129 misc:1871 imb:893 pmb:1605 smb:5662 d:- ref:0 ;
in:599 out:599 type:B dur:2 cpbdur:2 q:25.78 aq:21.37 tex:109026 mv:22371 misc:2227 imb:205 pmb:1657 smb:6298 d:- ref:0 ;
in:598 out:600 type:b dur:2 cpbdur:2 q:25.74 aq:24.21 tex:53028 mv:16348 misc:2512 imb:120 pmb:1541 smb:6499 d:- ref:0 ;
in:600 out:601 type:b dur:2 cpbdur:2 q:25.82 aq:22.78 tex:65545 mv:19022 misc:2137 imb:167 pmb:1429 smb:6564 d:- ref:0 ;
in:605 out:602 type:P dur:2 cpbdur:2 q:26.00 aq:13.99 tex:236039 mv:21158 misc:1859 imb:902 pmb:1616 smb:5642 d:- ref:0 ;
in:603 out:603 type:B dur:2 cpbdur:2 q:25.93 aq:22.15 tex:86673 mv:22416 misc:2207 imb:261 pmb:1547 smb:6352 d:- ref:0 ;
in:602 out:604 type:b dur:2 cpbdur:2 q:25.89 aq:24.21 tex:51858 mv:18581 misc:2321 imb:125 pmb:1527 smb:6508 d:- ref:0 ;
in:604 out:605 type:b dur:2 cpbdur:2 q:25.97 aq:25.22 tex:65016 mv:18107 misc:2189 imb:191 pmb:1504 smb:6465 d:- ref:0 ;
in:609 out:606 type:P dur:2 cpbdur:2 q:26.18 aq:14.40 tex:195369 mv:19605 misc:2058 imb:892 pmb:1513 smb:5755 d:- ref:0 ;
in:607 out:607 type:B dur:2 cpbdur:2 q:26.09 aq:21.33 tex:86943 mv:20597 misc:2172 imb:274 pmb:1514 smb:6372 d:- ref:0 ;
in:606 out:608 type:b dur:2 cpbdur:2 q:26.05 aq:23.56 tex:58076 mv:17691 misc:2257 imb:181 pmb:1360 smb:6619 d:- ref:0 ;
in:608 out:609 type:b dur:2 cpbdur:2 q:26.14 aq:23.71 tex:40397 mv:12872 misc:2515 imb:135 pmb:1264 smb:6761 d:- ref:0 ;
in:613 out:610 type:P dur:2 cpbdur:2 q:26.32 aq:14.12 tex:265115 mv:21470 misc:1687 imb:1020 pmb:1475 smb:5665 d:- ref:0 ;
in:611 out:611 type:B dur:2 cpbdur:2 q:26.25 aq:22.80 tex:89969 mv:22631 misc:2104 imb:321 pmb:1608 smb:6231 d:- ref:0 ;
in:610 out:612 type:b dur:2 cpbdur:2 q:26.21 aq:24.05 tex:63826 mv:18295 misc:2375 imb:193 pmb:1495 smb:6472 d:- ref:0 ;
in:612 out:613 type:b dur:2 cpbdur:2 q:26.28 aq:25.37 tex:65238 mv:18183 misc:2131 imb:219 pmb:1372 smb:6569 d:- ref:0 ;
in:617 out:614 type:P dur:2 cpbdur:2 q:26.49 aq:14.26 tex:198210 mv:19976 misc:1886 imb:919 pmb:1438 smb:5803 d:- ref:0 ;
in:615 out:615 type:B dur:2 cpbdur:2 q:26.40 aq:23.80 tex:70839 mv:21580 misc:1989 imb:279 pmb:1533 smb:6348 d:- ref:0 ;
in:614 out:616 type:b dur:2 cpbdur:2 q:26.36 aq:24.45 tex:42052 mv:16344 misc:2332 imb:142 pmb:1360 smb:6658 d:- ref:0 ;
in:616 out:617 type:b dur:2 cpbdur:2 q:26.45 aq:24.03 tex:40886 mv:14255 misc:2435 imb:132 pmb:1300 smb:6728 d:- ref:0 ;
in:621 out:618 type:P dur:2 cpbdur:2 q:26.56 aq:13.97 tex:199278 mv:21181 misc:1805 imb:945 pmb:1548 smb:5667 d:- ref:0 ;
in:619 out:619 type:B dur:2 cpbdur:2 q:26.52 aq:22.68 tex:72799 mv:20097 misc:2232 imb:325 pmb:1408 smb:6427 d:- ref:0 ;
in:618 out:620 type:b dur:2 cpbdur:2 q:26.50 aq:24.02 tex:49799 mv:18328 misc:2201 imb:249 pmb:1321 smb:6590 d:- ref:0 ;
in:620 out:621 type:b dur:2 cpbdur:2 q:26.54 aq:23.66 tex:37072 mv:14109 misc:2475 imb:148 pmb:1215 smb:6797 d:- ref:0 ;
in:625 out:622 type:P dur:2 cpbdur:2 q:26.64 aq:14.46 tex:160371 mv:18809 misc:1828 imb:874 pmb:1345 smb:5941 d:- ref:0 ;
in:623 out:623 type:B dur:2 cpbdur:2 q:26.60 aq:22.60 tex:69206 mv:20594 misc:2104 imb:297 pmb:1420 smb:6443 d:- ref:0 ;
in:622 out:624 type:b dur:2 cpbdur:2 q:26.58 aq:23.54 tex:37029 mv:13982 misc:2261 imb:173 pmb:1182 smb:6805 d:- ref:0 ;
in:624 out:625 type:b dur:2 cpbdur:2 q:26.62 aq:23.56 tex:46187 mv:14883 misc:2178 imb:185 pmb:1213 smb:6762 d:- ref:0 ;
in:629 out:626 type:P dur:2 cpbdur:2 q:26.74 aq:14.21 tex:203499 mv:20263 misc:1558 imb:992 pmb:1365 smb:5803 d:- ref:0 ;
in:627 out:627 type:B dur:2 cpbdur:2 q:26.69 aq:23.04 tex:71766 mv:22044 misc:1990 imb:307 pmb:1520 smb:6333 d:- ref:0 ;
in:626 out:628 type:b dur:2 cpbdur:2 q:26.67 aq:23.82 tex:38909 mv:15387 misc:2432 imb:172 pmb:1270 smb:6718 d:- ref:0 ;
in:628 out:629 type:b dur:2 cpbdur:2 q:26.71 aq:24.17 tex:60686 mv:18337 misc:1977 imb:237 pmb:1400 smb:6523 d:- ref:0 ;
in:633 out:630 type:P dur:2 cpbdur:2 q:26.81 aq:14.59 tex:179224 mv:20760 misc:1640 imb:923 pmb:1443 smb:5794 d:- ref:0 ;
in:631 out:631 type:B dur:2 cpbdur:2 q:26.78 aq:22.84 tex:77542 mv:21843 misc:2271 imb:294 pmb:1542 smb:6324 d:- ref:0 ;
in:630 out:632 type:b dur:2 cpbdur:2 q:26.76 aq:24.65 tex:54369 mv:18782 misc:2257 imb:255 pmb:1389 smb:6516 d:- ref:0 ;
in:632 out:633 type:b dur:2 cpbdur:2 q:26.79 aq:24.50 tex:43373 mv:14290 misc:2433 imb:144 pmb:1266 smb:6750 d:- ref:0 ;
in:637 out:634 type:P dur:2 cpbdur:2 q:26.87 aq:14.58 tex:206885 mv:20928 misc:1835 imb:1161 pmb:1425 smb:5574 d:- ref:0 ;
in:635 out:635 type:B dur:2 cpbdur:2 q:26.84 aq:23.86 tex:83068 mv:22233 misc:2203 imb:370 pmb:1461 smb:6329 d:- ref:0 ;
in:634 out:636 type:b dur:2 cpbdur:2 q:26.83 aq:24.23 tex:54054 mv:17099 misc:2079 imb:230 pmb:1243 smb:6687 d:- ref:0 ;
in:636 out:637 type:b dur:2 cpbdur:2 q:26.86 aq:21.85 tex:68536 mv:18432 misc:2456 imb:319 pmb:1250 smb:6591 d:- ref:0 ;
in:641 out:638 type:P dur:2 cpbdur:2 q:26.99 aq:14.52 tex:198363 mv:19497 misc:1980 imb:1142 pmb:1383 smb:5635 d:- ref:0 ;
in:639 out:639 type:B dur:2 cpbdur:2 q:26.93 aq:23.70 tex:75952 mv:19474 misc:2382 imb:363 pmb:1366 smb:6431 d:- ref:0 ;
in:638 out:640 type:b dur:2 cpbdur:2 q:26.90 aq:25.95 tex:43433 mv:14286 misc:2521 imb:169 pmb:1264 smb:6727 d:- ref:0 ;
in:640 out:641 type:b dur:2 cpbdur:2 q:26.96 aq:24.04 tex:55825 mv:16899 misc:2244 imb:233 pmb:1231 smb:6696 d:- ref:0 ;
in:645 out:642 type:P dur:2 cpbdur:2 q:27.13 aq:14.87 tex:209541 mv:19016 misc:2139 imb:1037 pmb:1396 smb:5727 d:- ref:0 ;
in:643 out:643 type:B dur:2 cpbdur:2 q:27.06 aq:22.84 tex:90264 mv:20578 misc:2414 imb:358 pmb:1399 smb:6403 d:- ref:0 ;
in:642 out:644 type:b dur:2 cpbdur:2 q:27.03 aq:23.53 tex:50084 mv:14625 misc:2355 imb:181 pmb:1150 smb:6829 d:- ref:0 ;
in:644 out:645 type:b dur:2 cpbdur:2 q:27.09 aq:22.34 tex:55953 mv:13560 misc:2383 imb:179 pmb:1146 smb:6835 d:- ref:0 ;
in:649 out:646 type:P dur:2 cpbdur:2 q:27.26 aq:14.68 tex:169668 mv:19468 misc:1920 imb:994 pmb:1384 smb:5782 d:- ref:0 ;
in:647 out:647 type:B dur:2 cpbdur:2 q:27.19 aq:22.63 tex:77676 mv:22164 misc:2272 imb:335 pmb:1456 smb:6369 d:- ref:0 ;
in:646 out:648 type:b dur:2 cpbdur:2 q:27.16 aq:24.03 tex:38675 mv:13478 misc:2439 imb:141 pmb:1141 smb:6878 d:- ref:0 ;
in:648 out:649 type:b dur:2 cpbdur:2 q:27.22 aq:22.49 tex:51081 mv:16629 misc:2370 imb:222 pmb:1262 smb:6676 d:- ref:0 ;
in:653 out:650 type:P dur:2 cpbdur:2 q:27.30 aq:15.05 tex:186387 mv:19992 misc:1805 imb:988 pmb:1390 smb:5782 d:- ref:0 ;
in:651 out:651 type:B dur:2 cpbdur:2 q:27.28 aq:23.95 tex:72416 mv:19091 misc:2509 imb:267 pmb:1401 smb:6492 d:- ref:0 ;
in:650 out:652 type:b dur:2 cpbdur:2 q:27.27 aq:24.70 tex:43102 mv:15571 misc:2463 imb:171 pmb:1279 smb:6710 d:- ref:0 ;
in:652 out:653 type:b dur:2 cpbdur:2 q:27.29 aq:23.13 tex:50466 mv:16179 misc:2291 imb:205 pmb:1209 smb:6746 d:- ref:0 ;
in:657 out:654 type:P dur:2 cpbdur:2 q:27.37 aq:15.16 tex:189286 mv:19886 misc:1708 imb:971 pmb:1415 smb:5774 d:- ref:0 ;
in:655 out:655 type:B dur:2 cpbdur:2 q:27.34 aq:23.01 tex:75700 mv:18172 misc:2496 imb:301 pmb:1352 smb:6507 d:- ref:0 ;
in:654 out:656 type:b dur:2 cpbdur:2 q:27.32 aq:24.42 tex:48315 mv:15559 misc:2286 imb:181 pmb:1245 smb:6734 d:- ref:0 ;
in:656 out:657 type:b dur:2 cpbdur:2 q:27.35 aq:22.73 tex:46079 mv:13396 misc:2293 imb:179 pmb:1121 smb:6860 d:- ref:0 ;
in:661 out:658 type:P dur:2 cpbdur:2 q:27.48 aq:15.36 tex:180995 mv:19529 misc:1612 imb:983 pmb:1332 smb:5845 d:- ref:0 ;
in:659 out:659 type:B dur:2 cpbdur:2 q:27.42 aq:23.46 tex:71707 mv:17679 misc:2334 imb:306 pmb:1212 smb:6642 d:- ref:0 ;
in:658 out:660 type:b dur:2 cpbdur:2 q:27.40 aq:24.76 tex:32693 mv:10849 misc:2338 imb:111 pmb:998 smb:7051 d:- ref:0 ;
in:660 out:661 type:b dur:2 cpbdur:2 q:27.45 aq:21.82 tex:48594 mv:13095 misc:2183 imb:139 pmb:1047 smb:6974 d:- ref:0 ;
in:665 out:662 type:P dur:2 cpbdur:2 q:27.56 aq:15.60 tex:168577 mv:19115 misc:1812 imb:929 pmb:1423 smb:5808 d:- ref:0 ;
in:663 out:663 type:B dur:2 cpbdur:2 q:27.52 aq:23.29 tex:54034 mv:18160 misc:2646 imb:240 pmb:1389 smb:6531 d:- ref:0 ;
in:662 out:664 type:b dur:2 cpbdur:2 q:27.50 aq:24.34 tex:33866 mv:13725 misc:2713 imb:140 pmb:1283 smb:6737 d:- ref:0 ;
in:664 out:665 type:b dur:2 cpbdur:2 q:27.54 aq:24.44 tex:30822 mv:10742 misc:2372 imb:102 pmb:1026 smb:7032 d:- ref:0 ;
in:669 out:666 type:P dur:2 cpbdur:2 q:27.60 aq:15.48 tex:196250 mv:20237 misc:1945 imb:986 pmb:1554 smb:5620 d:- ref:0 ;
in:667 out:667 type:B dur:2 cpbdur:2 q:27.58 aq:23.68 tex:69077 mv:19604 misc:2439 imb:295 pmb:1377 smb:6488 d:- ref:0 ;
in:666 out:668 type:b dur:2 cpbdur:2 q:27.57 aq:25.83 tex:50675 mv:15750 misc:2391 imb:224 pmb:1170 smb:6766 d:- ref:0 ;
in:668 out:669 type:b dur:2 cpbdur:2 q:27.59 aq:27.00 tex:43127 mv:13096 misc:2569 imb:160 pmb:1117 smb:6883 d:- ref:0 ;
in:673 out:670 type:P dur:2 cpbdur:2 q:27.67 aq:16.01 tex:154419 mv:17907 misc:1930 imb:886 pmb:1358 smb:5916 d:- ref:0 ;
in:671 out:671 type:B dur:2 cpbdur:2 q:27.63 aq:23.39 tex:68274 mv:19723 misc:2347 imb:329 pmb:1319 smb:6512 d:- ref:0 ;
in:670 out:672 type:b dur:2 cpbdur:2 q:27.62 aq:27.31 tex:29926 mv:12780 misc:2406 imb:114 pmb:1103 smb:6943 d:- ref:0 ;
in:672 out:673 type:b dur:2 cpbdur:2 q:27.65 aq:27.33 tex:43863 mv:14443 misc:2302 imb:256 pmb:1076 smb:6828 d:- ref:0 ;
in:677 out:674 type:P dur:2 cpbdur:2 q:27.73 aq:15.66 tex:171585 mv:19474 misc:2149 imb:906 pmb:1572 smb:5682 d:- ref:0 ;
in:675 out:675 type:B dur:2 cpbdur:2 q:27.70 aq:24.47 tex:57808 mv:19186 misc:2470 imb:309 pmb:1422 smb:6429 d:- ref:0 ;
in:674 out:676 type:b dur:2 cpbdur:2 q:27.69 aq:26.33 tex:36127 mv:14593 misc:2432 imb:196 pmb:1154 smb:6810 d:- ref:0 ;
in:676 out:677 type:b dur:2 cpbdur:2 q:27.72 aq:25.33 tex:35076 mv:14594 misc:2402 imb:143 pmb:1255 smb:6762 d:- ref:0 ;
in:681 out:678 type:P dur:2 cpbdur:2 q:27.78 aq:15.18 tex:157205 mv:19480 misc:2147 imb:1004 pmb:1501 smb:5655 d:- ref:0 ;
in:679 out:679 type:B dur:2 cpbdur:2 q:27.75 aq:22.88 tex:53912 mv:18551 misc:2569 imb:283 pmb:1382 smb:6495 d:- ref:0 ;
in:678 out:680 type:b dur:2 cpbdur:2 q:27.74 aq:24.90 tex:36873 mv:13128 misc:2415 imb:321 pmb:981 smb:6858 d:- ref:0 ;
in:680 out:681 type:b dur:2 cpbdur:2 q:27.77 aq:25.02 tex:30674 mv:14592 misc:2486 imb:199 pmb:1162 smb:6799 d:- ref:0 ;
in:685 out:682 type:P dur:2 cpbdur:2 q:27.82 aq:15.61 tex:185544 mv:20757 misc:1939 imb:1047 pmb:1445 smb:5668 d:- ref:0 ;
in:683 out:683 type:B dur:2 cpbdur:2 q:27.80 aq:24.39 tex:52381 mv:19262 misc:2469 imb:336 pmb:1330 smb:6494 d:- ref:0 ;
in:682 out:684 type:b dur:2 cpbdur:2 q:27.79 aq:24.92 tex:35235 mv:16190 misc:2431 imb:235 pmb:1264 smb:6661 d:- ref:0 ;
in:684 out:685 type:b dur:2 cpbdur:2 q:27.81 aq:25.95 tex:38456 mv:14664 misc:2528 imb:252 pmb:1149 smb:6759 d:- ref:0 ;
in:689 out:686 type:P dur:2 cpbdur:2 q:27.87 aq:15.97 tex:178533 mv:20167 misc:1820 imb:1016 pmb:1394 smb:5750 d:- ref:0 ;
in:687 out:687 type:B dur:2 cpbdur:2 q:27.84 aq:24.41 tex:46178 mv:18273 misc:2557 imb:270 pmb:1362 smb:6528 d:- ref:0 ;
in:686 out:688 type:b dur:2 cpbdur:2 q:27.83 aq:22.60 tex:28606 mv:14048 misc:2570 imb:131 pmb:1235 smb:6794 d:- ref:0 ;
in:688 out:689 type:b dur:2 cpbdur:2 q:27.86 aq:25.03 tex:30622 mv:14288 misc:2418 imb:173 pmb:1200 smb:6787 d:- ref:0 ;
in:693 out:690 type:P dur:2 cpbdur:2 q:27.92 aq:15.95 tex:139816 mv:20270 misc:1770 imb:874 pmb:1467 smb:5819 d:- ref:0 ;
in:691 out:691 type:B dur:2 cpbdur:2 q:27.90 aq:23.67 tex:50054 mv:18552 misc:2266 imb:257 pmb:1318 smb:6585 d:- ref:0 ;
in:690 out:692 type:b dur:2 cpbdur:2 q:27.88 aq:25.08 tex:29502 mv:12988 misc:2254 imb:162 pmb:980 smb:7018 d:- ref:0 ;
in:692 out:693 type:b dur:2 cpbdur:2 q:27.91 aq:23.79 tex:34537 mv:14507 misc:2380 imb:178 pmb:1126 smb:6856 d:- ref:0 ;
in:697 out:694 type:P dur:2 cpbdur:2 q:27.94 aq:17.19 tex:122884 mv:19195 misc:1929 imb:852 pmb:1415 smb:5893 d:- ref:0 ;
in:695 out:695 type:B dur:2 cpbdur:2 q:27.93 aq:22.62 tex:47676 mv:18532 misc:2424 imb:233 pmb:1464 smb:6463 d:- ref:0 ;
in:694 out:696 type:b dur:2 cpbdur:2 q:27.93 aq:24.33 tex:25219 mv:13575 misc:2670 imb:174 pmb:1200 smb:6786 d:- ref:0 ;
in:696 out:697 type:b dur:2 cpbdur:2 q:27.94 aq:24.55 tex:29259 mv:14170 misc:2363 imb:192 pmb:1068 smb:6900 d:- ref:0 ;
in:701 out:698 type:P dur:2 cpbdur:2 q:27.94 aq:18.48 tex:111257 mv:18205 misc:1834 imb:842 pmb:1402 smb:5916 d:- ref:0 ;
in:699 out:699 type:B dur:2 cpbdur:2 q:27.94 aq:23.17 tex:38893 mv:18929 misc:2474 imb:284 pmb:1391 smb:6485 d:- ref:0 ;
in:698 out:700 type:b dur:2 cpbdur:2 q:27.94 aq:25.11 tex:23807 mv:14815 misc:2434 imb:184 pmb:1157 smb:6819 d:- ref:0 ;
in:700 out:701 type:b dur:2 cpbdur:2 q:27.94 aq:25.40 tex:24071 mv:14555 misc:2542 imb:179 pmb:1182 smb:6799 d:- ref:0 ;
in:705 out:702 type:P dur:2 cpbdur:2 q:27.94 aq:20.47 tex:103669 mv:17782 misc:2045 imb:787 pmb:1382 smb:5991 d:- ref:0 ;
in:703 out:703 type:B dur:2 cpbdur:2 q:27.94 aq:24.10 tex:40547 mv:17585 misc:2468 imb:284 pmb:1283 smb:6593 d:- ref:0 ;
in:702 out:704 type:b dur:2 cpbdur:2 q:27.94 aq:28.04 tex:25579 mv:14906 misc:2435 imb:242 pmb:1126 smb:6792 d:- ref:0 ;
in:704 out:705 type:b dur:2 cpbdur:2 q:27.94 aq:25.59 tex:19498 mv:13008 misc:2462 imb:145 pmb:1049 smb:6966 d:- ref:0 ;
in:709 out:706 type:P dur:2 cpbdur:2 q:27.95 aq:23.97 tex:102601 mv:18203 misc:1756 imb:853 pmb:1288 smb:6019 d:- ref:0 ;
in:707 out:707 type:B dur:2 cpbdur:2 q:27.95 aq:24.46 tex:42248 mv:18657 misc:2383 imb:301 pmb:1330 smb:6529 d:- ref:0 ;
in:706 out:708 type:b dur:2 cpbdur:2 q:27.95 aq:23.61 tex:21679 mv:13671 misc:2586 imb:163 pmb:1158 smb:6839 d:- ref:0 ;
in:708 out:709 type:b dur:2 cpbdur:2 q:27.95 aq:22.76 tex:26849 mv:14092 misc:2451 imb:157 pmb:1174 smb:6829 d:- ref:0 ;
in:713 out:710 type:P dur:2 cpbdur:2 q:27.94 aq:20.19 tex:63604 mv:15746 misc:2058 imb:721 pmb:1145 smb:6294 d:- ref:0 ;
in:711 out:711 type:B dur:2 cpbdur:2 q:27.94 aq:25.16 tex:36885 mv:14958 misc:2429 imb:251 pmb:1170 smb:6739 d:- ref:0 ;
in:710 out:712 type:b dur:2 cpbdur:2 q:27.95 aq:28.28 tex:22390 mv:12095 misc:2379 imb:130 pmb:986 smb:7044 d:- ref:0 ;
in:712 out:713 type:b dur:2 cpbdur:2 q:27.94 aq:22.17 tex:19634 mv:11313 misc:2469 imb:123 pmb:1033 smb:7004 d:- ref:0 ;
in:717 out:714 type:P dur:2 cpbdur:2 q:27.88 aq:27.50 tex:334226 mv:18220 misc:1082 imb:1847 pmb:441 smb:5872 d:- ref:0 ;
in:715 out:715 type:B dur:2 cpbdur:2 q:27.91 aq:26.46 tex:76457 mv:13220 misc:2267 imb:137 pmb:1582 smb:6441 d:- ref:0 ;
in:714 out:716 type:b dur:2 cpbdur:2 q:27.92 aq:29.56 tex:38922 mv:9372 misc:2514 imb:99 pmb:1231 smb:6830 d:- ref:0 ;
in:716 out:717 type:b dur:2 cpbdur:2 q:27.89 aq:30.33 tex:19135 mv:10629 misc:2444 imb:30 pmb:1055 smb:7075 d:- ref:0 ;
in:719 out:718 type:P dur:2 cpbdur:2 q:27.94 aq:30.17 tex:60354 mv:13747 misc:2235 imb:276 pmb:1384 smb:6500 d:- ref:0 ;
in:718 out:719 type:b dur:2 cpbdur:2 q:27.91 aq:30.12 tex:31062 mv:13965 misc:2477 imb:33 pmb:1307 smb:6820 d:- ref:0 ;
in:720 out:720 type:I dur:2 cpbdur:2 q:24.94 aq:17.61 tex:534974 mv:208132 misc:822 imb:8160 pmb:0 smb:0 d:- ref:;
in:724 out:721 type:P dur:2 cpbdur:2 q:28.27 aq:20.90 tex:86027 mv:36324 misc:7209 imb:1308 pmb:3631 smb:3221 d:- ref:0 ;
in:722 out:722 type:B dur:2 cpbdur:2 q:28.27 aq:22.43 tex:25845 mv:19422 misc:6533 imb:376 pmb:2152 smb:5632 d:- ref:0 ;
in:721 out:723 type:b dur:2 cpbdur:2 q:28.27 aq:23.54 tex:13474 mv:12972 misc:4210 imb:215 pmb:1273 smb:6672 d:- ref:0 ;
in:723 out:724 type:b dur:2 cpbdur:2 q:28.27 aq:23.07 tex:15236 mv:14137 misc:5011 imb:239 pmb:1474 smb:6447 d:- ref:0 ;
in:728 out:725 type:P dur:2 cpbdur:2 q:28.29 aq:21.15 tex:105777 mv:44876 misc:6555 imb:1700 pmb:4076 smb:2384 d:- ref:0 ;
in:726 out:726 type:B dur:2 cpbdur:2 q:28.28 aq:22.16 tex:28380 mv:24819 misc:7233 imb:423 pmb:2662 smb:5075 d:- ref:0 ;
in:725 out:727 type:b dur:2 cpbdur:2 q:28.27 aq:22.96 tex:11860 mv:13651 misc:5665 imb:172 pmb:1668 smb:6320 d:- ref:0 ;
in:727 out:728 type:b dur:2 cpbdur:2 q:28.28 aq:23.46 tex:16304 mv:15600 misc:5536 imb:218 pmb:1655 smb:6287 d:- ref:0 ;
in:732 out:729 type:P dur:2 cpbdur:2 q:28.36 aq:21.87 tex:80649 mv:40446 misc:6977 imb:1513 pmb:3630 smb:3017 d:- ref:0 ;
in:730 out:730 type:B dur:2 cpbdur:2 q:28.32 aq:22.16 tex:31366 mv:29967 misc:7539 imb:462 pmb:3035 smb:4663 d:- ref:0 ;
in:729 out:731 type:b dur:2 cpbdur:2 q:28.30 aq:23.55 tex:12415 mv:14681 misc:5416 imb:178 pmb:1585 smb:6397 d:- ref:0 ;
in:731 out:732 type:b dur:2 cpbdur:2 q:28.34 aq:23.16 tex:11855 mv:15440 misc:6121 imb:183 pmb:1890 smb:6087 d:- ref:0 ;
in:735 out:733 type:P dur:2 cpbdur:2 q:28.33 aq:22.13 tex:118757 mv:47939 misc:5936 imb:1872 pmb:4039 smb:2249 d:- ref:0 ;
in:733 out:734 type:B dur:2 cpbdur:2 q:28.35 aq:22.87 tex:26828 mv:26659 misc:7601 imb:385 pmb:2955 smb:4820 d:- ref:0 ;
in:734 out:735 type:b dur:2 cpbdur:2 q:28.34 aq:23.35 tex:14525 mv:13472 misc:5291 imb:193 pmb:1518 smb:6449 d:- ref:0 ;
in:739 out:736 type:P dur:2 cpbdur:2 q:28.34 aq:22.65 tex:118812 mv:49803 misc:5865 imb:2159 pmb:3780 smb:2221 d:- ref:0 ;
in:737 out:737 type:B dur:2 cpbdur:2 q:28.33 aq:22.87 tex:44314 mv:36074 misc:7772 imb:624 pmb:3483 smb:4053 d:- ref:0 ;
in:736 out:738 type:b dur:2 cpbdur:2 q:28.33 aq:23.50 tex:17956 mv:18743 misc:6549 imb:300 pmb:2129 smb:5731 d:- ref:0 ;
in:738 out:739 type:b dur:2 cpbdur:2 q:28.34 aq:23.86 tex:24295 mv:24688 misc:6761 imb:483 pmb:2240 smb:5437 d:- ref:0 ;
in:741 out:740 type:P dur:2 cpbdur:2 q:28.35 aq:22.40 tex:144345 mv:56230 misc:5001 imb:2378 pmb:4319 smb:1463 d:- ref:0 ;
in:740 out:741 type:b dur:2 cpbdur:2 q:28.34 aq:23.70 tex:22652 mv:28874 misc:7594 imb:408 pmb:2890 smb:4862 d:- ref:0 ;
in:744 out:742 type:P dur:2 cpbdur:2 q:28.39 aq:22.94 tex:80700 mv:41387 misc:6985 imb:1532 pmb:3598 smb:3030 d:- ref:0 ;
in:742 out:743 type:B dur:2 cpbdur:2 q:28.36 aq:22.62 tex:39738 mv:33184 misc:7830 imb:397 pmb:3755 smb:4008 d:- ref:0 ;
in:743 out:744 type:b dur:2 cpbdur:2 q:28.37 aq:23.17 tex:5394 mv:5981 misc:5521 imb:69 pmb:1407 smb:6684 d:- ref:0 ;
in:745 out:745 type:P dur:2 cpbdur:2 q:28.40 aq:22.81 tex:77246 mv:41509 misc:7125 imb:1430 pmb:3693 smb:3037 d:- ref:0 ;
in:747 out:746 type:P dur:2 cpbdur:2 q:28.46 aq:22.90 tex:96588 mv:49590 misc:6254 imb:2251 pmb:3735 smb:2174 d:- ref:0 ;
in:746 out:747 type:b dur:2 cpbdur:2 q:28.43 aq:23.80 tex:22180 mv:26295 misc:7381 imb:346 pmb:2784 smb:5030 d:- ref:0 ;
in:748 out:748 type:P dur:2 cpbdur:2 q:28.48 aq:23.09 tex:61046 mv:31437 misc:6861 imb:1234 pmb:2599 smb:4327 d:- ref:0 ;
in:751 out:749 type:P dur:2 cpbdur:2 q:28.50 aq:23.04 tex:176219 mv:66139 misc:3074 imb:3641 pmb:3879 smb:640 d:- ref:0 ;
in:749 out:750 type:B dur:2 cpbdur:2 q:28.49 aq:24.09 tex:31883 mv:36046 misc:7543 imb:573 pmb:3218 smb:4369 d:- ref:0 ;
in:750 out:751 type:b dur:2 cpbdur:2 q:28.49 aq:23.91 tex:23947 mv:27588 misc:7681 imb:398 pmb:3098 smb:4664 d:- ref:0 ;
in:753 out:752 type:P dur:2 cpbdur:2 q:28.55 aq:23.15 tex:75324 mv:43989 misc:6991 imb:1929 pmb:3371 smb:2860 d:- ref:0 ;
in:752 out:753 type:b dur:2 cpbdur:2 q:28.52 aq:23.92 tex:18328 mv:22891 misc:7037 imb:311 pmb:2477 smb:5372 d:- ref:0 ;
in:754 out:754 type:P dur:2 cpbdur:2 q:28.56 aq:23.01 tex:67282 mv:41906 misc:6868 imb:1905 pmb:3238 smb:3017 d:- ref:0 ;
in:755 out:755 type:P dur:2 cpbdur:2 q:28.62 aq:23.19 tex:59282 mv:36289 misc:6373 imb:1652 pmb:2743 smb:3765 d:- ref:0 ;
in:757 out:756 type:P dur:2 cpbdur:2 q:28.64 aq:23.57 tex:73119 mv:42286 misc:6443 imb:2315 pmb:2813 smb:3032 d:- ref:0 ;
in:756 out:757 type:b dur:2 cpbdur:2 q:28.63 aq:23.47 tex:18469 mv:24190 misc:7109 imb:395 pmb:2424 smb:5341 d:- ref:0 ;
in:758 out:758 type:P dur:2 cpbdur:2 q:28.65 aq:22.96 tex:82193 mv:44356 misc:6731 imb:1977 pmb:3330 smb:2853 d:- ref:0 ;
in:760 out:759 type:P dur:2 cpbdur:2 q:28.67 aq:23.97 tex:43456 mv:29967 misc:7321 imb:1435 pmb:2298 smb:4427 d:- ref:0 ;
in:759 out:760 type:b dur:2 cpbdur:2 q:28.66 aq:24.16 tex:4034 mv:3271 misc:3535 imb:41 pmb:802 smb:7317 d:- ref:0 ;
in:761 out:761 type:I dur:2 cpbdur:2 q:25.49 aq:14.57 tex:530267 mv:163944 misc:701 imb:8160 pmb:0 smb:0 d:- ref:;
in:765 out:762 type:P dur:2 cpbdur:2 q:28.95 aq:20.69 tex:43111 mv:11682 misc:5319 imb:236 pmb:1681 smb:6243 d:- ref:0 ;
in:763 out:763 type:B dur:2 cpbdur:2 q:28.95 aq:25.45 tex:788 mv:1038 misc:1054 imb:6 pmb:136 smb:8018 d:- ref:0 ;
in:762 out:764 type:b dur:2 cpbdur:2 q:28.95 aq:23.42 tex:5353 mv:1329 misc:630 imb:4 pmb:107 smb:8049 d:- ref:0 ;
in:764 out:765 type:b dur:2 cpbdur:2 q:28.95 aq:23.79 tex:42 mv:31 misc:439 imb:0 pmb:6 smb:8154 d:- ref:0 ;
in:769 out:766 type:P dur:2 cpbdur:2 q:28.92 aq:20.92 tex:23905 mv:12140 misc:5611 imb:142 pmb:1922 smb:6096 d:- ref:0 ;
in:767 out:767 type:B dur:2 cpbdur:2 q:28.94 aq:23.50 tex:548 mv:766 misc:998 imb:4 pmb:99 smb:8057 d:- ref:0 ;
in:766 out:768 type:b dur:2 cpbdur:2 q:28.95 aq:15.71 tex:72 mv:62 misc:482 imb:2 pmb:10 smb:8148 d:- ref:0 ;
in:768 out:769 type:b dur:2 cpbdur:2 q:28.93 aq:21.13 tex:111 mv:114 misc:511 imb:2 pmb:15 smb:8143 d:- ref:0 ;
in:773 out:770 type:P dur:2 cpbdur:2 q:28.82 aq:20.60 tex:27881 mv:13174 misc:5753 imb:171 pmb:2022 smb:5967 d:- ref:0 ;
in:771 out:771 type:B dur:2 cpbdur:2 q:28.87 aq:25.40 tex:790 mv:1058 misc:1064 imb:6 pmb:118 smb:8036 d:- ref:0 ;
in:770 out:772 type:b dur:2 cpbdur:2 q:28.90 aq:28.21 tex:186 mv:111 misc:527 imb:0 pmb:20 smb:8140 d:- ref:0 ;
in:772 out:773 type:b dur:2 cpbdur:2 q:28.85 aq:20.98 tex:97 mv:86 misc:513 imb:1 pmb:15 smb:8144 d:- ref:0 ;
in:777 out:774 type:P dur:2 cpbdur:2 q:28.70 aq:20.45 tex:73550 mv:15583 misc:6027 imb:263 pmb:2283 smb:5614 d:- ref:0 ;
in:775 out:775 type:B dur:2 cpbdur:2 q:28.76 aq:25.31 tex:7796 mv:1992 misc:1028 imb:67 pmb:126 smb:7967 d:- ref:0 ;
in:774 out:776 type:b dur:2 cpbdur:2 q:28.79 aq:15.93 tex:147 mv:308 misc:633 imb:4 pmb:51 smb:8105 d:- ref:0 ;
in:776 out:777 type:b dur:2 cpbdur:2 q:28.73 aq:26.64 tex:991 mv:526 misc:747 imb:3 pmb:107 smb:8050 d:- ref:0 ;
in:781 out:778 type:P dur:2 cpbdur:2 q:28.59 aq:19.98 tex:39442 mv:15132 misc:6026 imb:215 pmb:2460 smb:5485 d:- ref:0 ;
in:779 out:779 type:B dur:2 cpbdur:2 q:28.65 aq:20.84 tex:1024 mv:1077 misc:1195 imb:15 pmb:123 smb:8022 d:- ref:0 ;
in:778 out:780 type:b dur:2 cpbdur:2 q:28.67 aq:28.01 tex:269 mv:113 misc:554 imb:3 pmb:20 smb:8137 d:- ref:0 ;
in:780 out:781 type:b dur:2 cpbdur:2 q:28.62 aq:27.70 tex:231 mv:92 misc:525 imb:2 pmb:18 smb:8140 d:- ref:0 ;
in:785 out:782 type:P dur:2 cpbdur:2 q:28.50 aq:20.37 tex:42791 mv:16285 misc:6100 imb:255 pmb:2568 smb:5337 d:- ref:0 ;
in:783 out:783 type:B dur:2 cpbdur:2 q:28.55 aq:24.16 tex:1448 mv:1551 misc:1505 imb:17 pmb:184 smb:7959 d:- ref:0 ;
in:782 out:784 type:b dur:2 cpbdur:2 q:28.57 aq:14.87 tex:87 mv:83 misc:486 imb:4 pmb:8 smb:8148 d:- ref:0 ;
in:784 out:785 type:b dur:2 cpbdur:2 q:28.52 aq:28.21 tex:319 mv:123 misc:574 imb:3 pmb:23 smb:8134 d:- ref:0 ;
in:789 out:786 type:P dur:2 cpbdur:2 q:28.38 aq:20.60 tex:46686 mv:17091 misc:6231 imb:318 pmb:2623 smb:5219 d:- ref:0 ;
in:787 out:787 type:B dur:2 cpbdur:2 q:28.44 aq:24.39 tex:1545 mv:1334 misc:1409 imb:20 pmb:163 smb:7977 d:- ref:0 ;
in:786 out:788 type:b dur:2 cpbdur:2 q:28.47 aq:26.18 tex:230 mv:135 misc:555 imb:3 pmb:21 smb:8136 d:- ref:0 ;
in:788 out:789 type:b dur:2 cpbdur:2 q:28.41 aq:21.18 tex:315 mv:177 misc:604 imb:5 pmb:27 smb:8128 d:- ref:0 ;
in:793 out:790 type:P dur:2 cpbdur:2 q:28.27 aq:20.32 tex:44975 mv:15870 misc:6067 imb:232 pmb:2585 smb:5343 d:- ref:0 ;
in:791 out:791 type:B dur:2 cpbdur:2 q:28.32 aq:22.05 tex:1329 mv:1180 misc:1387 imb:11 pmb:164 smb:7985 d:- ref:0 ;
in:790 out:792 type:b dur:2 cpbdur:2 q:28.35 aq:23.51 tex:405 mv:219 misc:640 imb:2 pmb:37 smb:8121 d:- ref:0 ;
in:792 out:793 type:b dur:2 cpbdur:2 q:28.29 aq:20.68 tex:322 mv:209 misc:669 imb:3 pmb:41 smb:8116 d:- ref:0 ;
in:797 out:794 type:P dur:2 cpbdur:2 q:28.16 aq:20.03 tex:46996 mv:17208 misc:6148 imb:305 pmb:2721 smb:5134 d:- ref:0 ;
in:795 out:795 type:B dur:2 cpbdur:2 q:28.21 aq:21.01 tex:1531 mv:1339 misc:1466 imb:18 pmb:173 smb:7969 d:- ref:0 ;
in:794 out:796 type:b dur:2 cpbdur:2 q:28.24 aq:22.44 tex:401 mv:189 misc:626 imb:5 pmb:30 smb:8125 d:- ref:0 ;
in:796 out:797 type:b dur:2 cpbdur:2 q:28.19 aq:23.92 tex:278 mv:227 misc:647 imb:2 pmb:39 smb:8119 d:- ref:0 ;
in:801 out:798 type:P dur:2 cpbdur:2 q:28.06 aq:19.85 tex:61399 mv:18846 misc:5899 imb:442 pmb:2863 smb:4855 d:- ref:0 ;
in:799 out:799 type:B dur:2 cpbdur:2 q:28.11 aq:22.51 tex:10899 mv:3599 misc:1710 imb:98 pmb:275 smb:7787 d:- ref:0 ;
in:798 out:800 type:b dur:2 cpbdur:2 q:28.14 aq:19.47 tex:420 mv:318 misc:734 imb:4 pmb:83 smb:8073 d:- ref:0 ;
in:800 out:801 type:b dur:2 cpbdur:2 q:28.08 aq:17.03 tex:2593 mv:1347 misc:748 imb:29 pmb:130 smb:8001 d:- ref:0 ;
in:805 out:802 type:P dur:2 cpbdur:2 q:27.94 aq:18.81 tex:51949 mv:16493 misc:6046 imb:304 pmb:2684 smb:5172 d:- ref:0 ;
in:803 out:803 type:B dur:2 cpbdur:2 q:28.00 aq:19.96 tex:1724 mv:1399 misc:1637 imb:17 pmb:215 smb:7928 d:- ref:0 ;
in:802 out:804 type:b dur:2 cpbdur:2 q:28.03 aq:20.52 tex:231 mv:151 misc:602 imb:1 pmb:33 smb:8126 d:- ref:0 ;
in:804 out:805 type:b dur:2 cpbdur:2 q:27.97 aq:20.80 tex:359 mv:269 misc:732 imb:3 pmb:51 smb:8106 d:- ref:0 ;
in:809 out:806 type:P dur:2 cpbdur:2 q:27.85 aq:19.70 tex:61152 mv:17055 misc:6049 imb:276 pmb:2780 smb:5104 d:- ref:0 ;
in:807 out:807 type:B dur:2 cpbdur:2 q:27.90 aq:20.09 tex:4363 mv:1902 misc:1527 imb:20 pmb:214 smb:7926 d:- ref:0 ;
in:806 out:808 type:b dur:2 cpbdur:2 q:27.92 aq:21.60 tex:203 mv:270 misc:727 imb:2 pmb:53 smb:8105 d:- ref:0 ;
in:808 out:809 type:b dur:2 cpbdur:2 q:27.87 aq:24.47 tex:423 mv:359 misc:802 imb:5 pmb:68 smb:8087 d:- ref:0 ;
in:813 out:810 type:P dur:2 cpbdur:2 q:27.75 aq:19.22 tex:48675 mv:17069 misc:6112 imb:240 pmb:2794 smb:5126 d:- ref:0 ;
in:811 out:811 type:B dur:2 cpbdur:2 q:27.80 aq:23.25 tex:1450 mv:1464 misc:1534 imb:10 pmb:200 smb:7950 d:- ref:0 ;
in:810 out:812 type:b dur:2 cpbdur:2 q:27.83 aq:20.66 tex:429 mv:193 misc:658 imb:3 pmb:38 smb:8119 d:- ref:0 ;
in:812 out:813 type:b dur:2 cpbdur:2 q:27.78 aq:20.50 tex:368 mv:260 misc:700 imb:2 pmb:47 smb:8111 d:- ref:0 ;
in:817 out:814 type:P dur:2 cpbdur:2 q:27.65 aq:19.56 tex:52855 mv:18168 misc:6137 imb:282 pmb:2894 smb:4984 d:- ref:0 ;
in:815 out:815 type:B dur:2 cpbdur:2 q:27.70 aq:20.37 tex:1859 mv:1753 misc:1828 imb:15 pmb:253 smb:7892 d:- ref:0 ;
in:814 out:816 type:b dur:2 cpbdur:2 q:27.73 aq:21.72 tex:264 mv:241 misc:703 imb:2 pmb:46 smb:8112 d:- ref:0 ;
in:816 out:817 type:b dur:2 cpbdur:2 q:27.68 aq:23.73 tex:402 mv:142 misc:624 imb:1 pmb:34 smb:8125 d:- ref:0 ;
in:821 out:818 type:P dur:2 cpbdur:2 q:27.53 aq:19.46 tex:58841 mv:17455 misc:6064 imb:309 pmb:2719 smb:5132 d:- ref:0 ;
in:819 out:819 type:B dur:2 cpbdur:2 q:27.59 aq:20.93 tex:2059 mv:2357 misc:2064 imb:20 pmb:321 smb:7819 d:- ref:0 ;
in:818 out:820 type:b dur:2 cpbdur:2 q:27.62 aq:21.95 tex:305 mv:132 misc:627 imb:2 pmb:33 smb:8125 d:- ref:0 ;
in:820 out:821 type:b dur:2 cpbdur:2 q:27.56 aq:25.36 tex:2128 mv:756 misc:780 imb:32 pmb:68 smb:8060 d:- ref:0 ;
in:825 out:822 type:P dur:2 cpbdur:2 q:27.44 aq:19.60 tex:55795 mv:16768 misc:6197 imb:241 pmb:2684 smb:5235 d:- ref:0 ;
in:823 out:823 type:B dur:2 cpbdur:2 q:27.48 aq:19.39 tex:2281 mv:1804 misc:1843 imb:18 pmb:283 smb:7859 d:- ref:0 ;
in:822 out:824 type:b dur:2 cpbdur:2 q:27.51 aq:22.68 tex:380 mv:229 misc:751 imb:1 pmb:62 smb:8097 d:- ref:0 ;
in:824 out:825 type:b dur:2 cpbdur:2 q:27.46 aq:18.02 tex:436 mv:416 misc:860 imb:6 pmb:70 smb:8084 d:- ref:0 ;
in:829 out:826 type:P dur:2 cpbdur:2 q:27.33 aq:19.90 tex:36511 mv:16752 misc:6305 imb:275 pmb:2558 smb:5327 d:- ref:0 ;
in:827 out:827 type:B dur:2 cpbdur:2 q:27.39 aq:22.04 tex:1854 mv:2013 misc:1877 imb:11 pmb:267 smb:7882 d:- ref:0 ;
in:826 out:828 type:b dur:2 cpbdur:2 q:27.41 aq:20.12 tex:324 mv:348 misc:760 imb:3 pmb:56 smb:8101 d:- ref:0 ;
in:828 out:829 type:b dur:2 cpbdur:2 q:27.36 aq:18.35 tex:371 mv:303 misc:742 imb:5 pmb:51 smb:8104 d:- ref:0 ;
in:833 out:830 type:P dur:2 cpbdur:2 q:27.23 aq:20.45 tex:33366 mv:16217 misc:6401 imb:289 pmb:2438 smb:5433 d:- ref:0 ;
in:831 out:831 type:B dur:2 cpbdur:2 q:27.28 aq:21.38 tex:2420 mv:1846 misc:2078 imb:12 pmb:313 smb:7835 d:- ref:0 ;
in:830 out:832 type:b dur:2 cpbdur:2 q:27.31 aq:25.31 tex:517 mv:302 misc:829 imb:2 pmb:70 smb:8088 d:- ref:0 ;
in:832 out:833 type:b dur:2 cpbdur:2 q:27.25 aq:19.68 tex:343 mv:352 misc:801 imb:2 pmb:63 smb:8095 d:- ref:0 ;
in:837 out:834 type:P dur:2 cpbdur:2 q:27.10 aq:21.04 tex:19248 mv:13838 misc:6082 imb:245 pmb:2023 smb:5892 d:- ref:0 ;
in:835 out:835 type:B dur:2 cpbdur:2 q:27.16 aq:21.53 tex:2828 mv:3139 misc:2545 imb:17 pmb:446 smb:7697 d:- ref:0 ;
in:834 out:836 type:b dur:2 cpbdur:2 q:27.19 aq:18.36 tex:393 mv:168 misc:679 imb:2 pmb:41 smb:8117 d:- ref:0 ;
in:836 out:837 type:b dur:2 cpbdur:2 q:27.13 aq:24.64 tex:586 mv:421 misc:873 imb:2 pmb:75 smb:8083 d:- ref:0 ;
in:841 out:838 type:P dur:2 cpbdur:2 q:26.97 aq:24.29 tex:4750 mv:7766 misc:4276 imb:128 pmb:1028 smb:7004 d:- ref:0 ;
in:839 out:839 type:B dur:2 cpbdur:2 q:27.04 aq:21.35 tex:4964 mv:3814 misc:3134 imb:34 pmb:587 smb:7539 d:- ref:0 ;
in:838 out:840 type:b dur:2 cpbdur:2 q:27.07 aq:17.09 tex:769 mv:513 misc:990 imb:11 pmb:87 smb:8062 d:- ref:0 ;
in:840 out:841 type:b dur:2 cpbdur:2 q:27.01 aq:22.52 tex:1097 mv:1495 misc:1656 imb:11 pmb:220 smb:7929 d:- ref:0 ;
in:842 out:842 type:I dur:2 cpbdur:2 q:24.57 aq:17.85 tex:437729 mv:187235 misc:772 imb:8160 pmb:0 smb:0 d:- ref:;
in:846 out:843 type:P dur:2 cpbdur:2 q:27.01 aq:21.61 tex:218165 mv:69933 misc:2718 imb:3779 pmb:3585 smb:796 d:- ref:0 ;
in:844 out:844 type:B dur:2 cpbdur:2 q:27.01 aq:22.71 tex:80322 mv:63040 misc:6494 imb:1040 pmb:4515 smb:2605 d:- ref:0 ;
in:843 out:845 type:b dur:2 cpbdur:2 q:27.01 aq:21.97 tex:6258 mv:3275 misc:3011 imb:49 pmb:637 smb:7474 d:- ref:0 ;
in:845 out:846 type:b dur:2 cpbdur:2 q:27.01 aq:23.59 tex:72457 mv:60335 misc:6784 imb:1050 pmb:4447 smb:2663 d:- ref:0 ;
in:850 out:847 type:P dur:2 cpbdur:2 q:26.97 aq:21.80 tex:285338 mv:70557 misc:2241 imb:4338 pmb:3069 smb:753 d:- ref:0 ;
in:848 out:848 type:B dur:2 cpbdur:2 q:26.99 aq:22.97 tex:131655 mv:75617 misc:5184 imb:1788 pmb:4399 smb:1973 d:- ref:0 ;
in:847 out:849 type:b dur:2 cpbdur:2 q:27.00 aq:23.62 tex:83839 mv:63015 misc:6490 imb:1182 pmb:4359 smb:2619 d:- ref:0 ;
in:849 out:850 type:b dur:2 cpbdur:2 q:26.98 aq:23.64 tex:96820 mv:69652 misc:5976 imb:1499 pmb:4447 smb:2214 d:- ref:0 ;
in:854 out:851 type:P dur:2 cpbdur:2 q:27.19 aq:21.87 tex:276475 mv:69466 misc:2203 imb:4107 pmb:3226 smb:827 d:- ref:0 ;
in:852 out:852 type:B dur:2 cpbdur:2 q:27.08 aq:22.78 tex:122893 mv:73169 misc:5242 imb:1637 pmb:4586 smb:1937 d:- ref:0 ;
in:851 out:853 type:b dur:2 cpbdur:2 q:27.02 aq:23.44 tex:77366 mv:61400 misc:6578 imb:1088 pmb:4312 smb:2760 d:- ref:0 ;
in:853 out:854 type:b dur:2 cpbdur:2 q:27.13 aq:23.89 tex:73090 mv:59952 misc:6502 imb:1125 pmb:4282 smb:2753 d:- ref:0 ;
in:858 out:855 type:P dur:2 cpbdur:2 q:27.49 aq:22.47 tex:210995 mv:65988 misc:2369 imb:4269 pmb:3015 smb:876 d:- ref:0 ;
in:856 out:856 type:B dur:2 cpbdur:2 q:27.34 aq:22.91 tex:113738 mv:74247 misc:5047 imb:1803 pmb:4373 smb:1984 d:- ref:0 ;
in:855 out:857 type:b dur:2 cpbdur:2 q:27.26 aq:24.12 tex:70539 mv:58487 misc:6534 imb:1118 pmb:4185 smb:2857 d:- ref:0 ;
in:857 out:858 type:b dur:2 cpbdur:2 q:27.41 aq:24.22 tex:79618 mv:63800 misc:6006 imb:1473 pmb:4108 smb:2579 d:- ref:0 ;
in:862 out:859 type:P dur:2 cpbdur:2 q:27.76 aq:24.07 tex:169545 mv:63028 misc:2795 imb:4233 pmb:2868 smb:1059 d:- ref:0 ;
in:860 out:860 type:B dur:2 cpbdur:2 q:27.62 aq:23.28 tex:120001 mv:75450 misc:4901 imb:1830 pmb:4507 smb:1823 d:- ref:0 ;
in:859 out:861 type:b dur:2 cpbdur:2 q:27.56 aq:23.83 tex:73464 mv:60661 misc:6315 imb:1329 pmb:4160 smb:2671 d:- ref:0 ;
in:861 out:862 type:b dur:2 cpbdur:2 q:27.69 aq:24.65 tex:55474 mv:48143 misc:6887 imb:902 pmb:3774 smb:3484 d:- ref:0 ;
in:863 out:863 type:i dur:2 cpbdur:2 q:24.45 aq:18.28 tex:385558 mv:142380 misc:438 imb:8160 pmb:0 smb:0 d:- ref:;
in:867 out:864 type:P dur:2 cpbdur:2 q:28.17 aq:21.79 tex:237472 mv:58743 misc:2193 imb:5413 pmb:2332 smb:415 d:- ref:0 ;
in:865 out:865 type:B dur:2 cpbdur:2 q:28.17 aq:21.99 tex:114131 mv:66097 misc:6196 imb:1973 pmb:3871 smb:2316 d:- ref:0 ;
in:864 out:866 type:b dur:2 cpbdur:2 q:28.17 aq:22.90 tex:78496 mv:56286 misc:6778 imb:1659 pmb:3588 smb:2913 d:- ref:0 ;
in:866 out:867 type:b dur:2 cpbdur:2 q:28.17 aq:23.10 tex:62325 mv:47950 misc:7349 imb:1150 pmb:3462 smb:3548 d:- ref:0 ;
in:871 out:868 type:P dur:2 cpbdur:2 q:28.44 aq:21.73 tex:197825 mv:58112 misc:2503 imb:5239 pmb:2371 smb:550 d:- ref:0 ;
in:869 out:869 type:B dur:2 cpbdur:2 q:28.30 aq:22.33 tex:102647 mv:66296 misc:6217 imb:2331 pmb:3687 smb:2142 d:- ref:0 ;
in:868 out:870 type:b dur:2 cpbdur:2 q:28.23 aq:22.95 tex:66388 mv:53067 misc:7137 imb:1581 pmb:3520 smb:3059 d:- ref:0 ;
in:870 out:871 type:b dur:2 cpbdur:2 q:28.37 aq:22.85 tex:66234 mv:52244 misc:7042 imb:1703 pmb:3251 smb:3206 d:- ref:0 ;
in:875 out:872 type:P dur:2 cpbdur:2 q:28.66 aq:21.65 tex:195318 mv:58806 misc:2252 imb:5328 pmb:2399 smb:433 d:- ref:0 ;
in:873 out:873 type:B dur:2 cpbdur:2 q:28.55 aq:22.33 tex:84027 mv:58524 misc:6313 imb:2151 pmb:3638 smb:2371 d:- ref:0 ;
in:872 out:874 type:b dur:2 cpbdur:2 q:28.49 aq:23.10 tex:63278 mv:52301 misc:6805 imb:1737 pmb:3548 smb:2875 d:- ref:0 ;
in:874 out:875 type:b dur:2 cpbdur:2 q:28.61 aq:22.99 tex:59224 mv:45886 misc:7226 imb:1536 pmb:3244 smb:3380 d:- ref:0 ;
in:879 out:876 type:P dur:2 cpbdur:2 q:28.82 aq:21.90 tex:207086 mv:56308 misc:3462 imb:4473 pmb:2641 smb:1046 d:- ref:0 ;
in:877 out:877 type:B dur:2 cpbdur:2 q:28.74 aq:22.29 tex:85504 mv:53642 misc:6622 imb:1803 pmb:3570 smb:2787 d:- ref:0 ;
in:876 out:878 type:b dur:2 cpbdur:2 q:28.70 aq:23.12 tex:58181 mv:43784 misc:6715 imb:1623 pmb:2981 smb:3556 d:- ref:0 ;
in:878 out:879 type:b dur:2 cpbdur:2 q:28.78 aq:23.59 tex:51287 mv:34711 misc:6666 imb:928 pmb:2600 smb:4632 d:- ref:0 ;
in:883 out:880 type:P dur:2 cpbdur:2 q:28.97 aq:22.25 tex:148120 mv:47428 misc:4276 imb:4184 pmb:2352 smb:1624 d:- ref:0 ;
in:881 out:881 type:B dur:2 cpbdur:2 q:28.90 aq:21.94 tex:98960 mv:53948 misc:6468 imb:1687 pmb:3572 smb:2901 d:- ref:0 ;
in:880 out:882 type:b dur:2 cpbdur:2 q:28.86 aq:21.78 tex:3394 mv:1913 misc:2925 imb:38 pmb:614 smb:7508 d:- ref:0 ;
in:882 out:883 type:b dur:2 cpbdur:2 q:28.93 aq:23.48 tex:59688 mv:42430 misc:6682 imb:1325 pmb:2720 smb:4115 d:- ref:0 ;
in:885 out:884 type:P dur:2 cpbdur:2 q:29.12 aq:22.84 tex:138152 mv:43067 misc:4637 imb:3353 pmb:2209 smb:2598 d:- ref:0 ;
in:884 out:885 type:b dur:2 cpbdur:2 q:29.05 aq:23.81 tex:55307 mv:40839 misc:6510 imb:1293 pmb:2769 smb:4098 d:- ref:0 ;
in:889 out:886 type:P dur:2 cpbdur:2 q:29.17 aq:22.65 tex:203655 mv:51283 misc:3486 imb:4410 pmb:2095 smb:1655 d:- ref:0 ;
in:887 out:887 type:B dur:2 cpbdur:2 q:29.15 aq:23.48 tex:110027 mv:61270 misc:5231 imb:2448 pmb:3009 smb:2703 d:- ref:0 ;
in:886 out:888 type:b dur:2 cpbdur:2 q:29.13 aq:24.13 tex:82819 mv:53454 misc:5735 imb:1773 pmb:2869 smb:3518 d:- ref:0 ;
in:888 out:889 type:b dur:2 cpbdur:2 q:29.16 aq:24.04 tex:84214 mv:55545 misc:5865 imb:1891 pmb:3185 smb:3084 d:- ref:0 ;
in:893 out:890 type:P dur:2 cpbdur:2 q:29.24 aq:23.17 tex:207104 mv:52726 misc:3354 imb:4587 pmb:2187 smb:1386 d:- ref:0 ;
in:891 out:891 type:B dur:2 cpbdur:2 q:29.20 aq:24.02 tex:139107 mv:61123 misc:5386 imb:2306 pmb:3064 smb:2790 d:- ref:0 ;
in:890 out:892 type:b dur:2 cpbdur:2 q:29.19 aq:24.41 tex:89267 mv:47971 misc:6362 imb:1291 pmb:3020 smb:3849 d:- ref:0 ;
in:892 out:893 type:b dur:2 cpbdur:2 q:29.22 aq:24.21 tex:108387 mv:54286 misc:5719 imb:1908 pmb:2914 smb:3338 d:- ref:0 ;
in:897 out:894 type:P dur:2 cpbdur:2 q:29.45 aq:23.57 tex:197267 mv:52205 misc:3440 imb:5006 pmb:2087 smb:1067 d:- ref:0 ;
in:895 out:895 type:B dur:2 cpbdur:2 q:29.34 aq:23.53 tex:127827 mv:57706 misc:5843 imb:2215 pmb:3339 smb:2606 d:- ref:0 ;
in:894 out:896 type:b dur:2 cpbdur:2 q:29.29 aq:24.53 tex:103158 mv:46913 misc:5649 imb:1763 pmb:2657 smb:3740 d:- ref:0 ;
in:896 out:897 type:b dur:2 cpbdur:2 q:29.40 aq:24.62 tex:72100 mv:39506 misc:6322 imb:894 pmb:2827 smb:4439 d:- ref:0 ;
in:900 out:898 type:P dur:2 cpbdur:2 q:29.68 aq:24.69 tex:164054 mv:46674 misc:3968 imb:4269 pmb:1714 smb:2177 d:- ref:0 ;
in:898 out:899 type:B dur:2 cpbdur:2 q:29.52 aq:25.06 tex:104695 mv:53516 misc:6077 imb:1626 pmb:3125 smb:3409 d:- ref:0 ;
in:899 out:900 type:b dur:2 cpbdur:2 q:29.60 aq:25.21 tex:61164 mv:41086 misc:6758 imb:1009 pmb:2950 smb:4201 d:- ref:0 ;
in:901 out:901 type:I dur:2 cpbdur:2 q:25.93 aq:15.81 tex:369230 mv:116580 misc:694 imb:8160 pmb:0 smb:0 d:- ref:;
in:905 out:902 type:P dur:2 cpbdur:2 q:29.98 aq:18.96 tex:26762 mv:12932 misc:5370 imb:929 pmb:1264 smb:5967 d:- ref:0 ;
in:903 out:903 type:B dur:2 cpbdur:2 q:29.98 aq:24.64 tex:14885 mv:4340 misc:2375 imb:166 pmb:596 smb:7398 d:- ref:0 ;
in:902 out:904 type:b dur:2 cpbdur:2 q:29.98 aq:25.83 tex:3423 mv:1756 misc:1101 imb:91 pmb:151 smb:7918 d:- ref:0 ;
in:904 out:905 type:b dur:2 cpbdur:2 q:29.98 aq:24.91 tex:1590 mv:1197 misc:1445 imb:15 pmb:240 smb:7905 d:- ref:0 ;
in:909 out:906 type:P dur:2 cpbdur:2 q:30.04 aq:18.78 tex:25910 mv:14347 misc:6215 imb:730 pmb:1593 smb:5837 d:- ref:0 ;
in:907 out:907 type:B dur:2 cpbdur:2 q:30.01 aq:22.75 tex:2863 mv:4867 misc:3046 imb:45 pmb:685 smb:7430 d:- ref:0 ;
in:906 out:908 type:b dur:2 cpbdur:2 q:30.00 aq:25.82 tex:1157 mv:832 misc:1227 imb:8 pmb:153 smb:7999 d:- ref:0 ;
in:908 out:909 type:b dur:2 cpbdur:2 q:30.03 aq:25.30 tex:1242 mv:790 misc:1312 imb:13 pmb:171 smb:7976 d:- ref:0 ;
in:913 out:910 type:P dur:2 cpbdur:2 q:30.04 aq:19.07 tex:35801 mv:14394 misc:6325 imb:754 pmb:1552 smb:5854 d:- ref:0 ;
in:911 out:911 type:B dur:2 cpbdur:2 q:30.04 aq:22.95 tex:2760 mv:4127 misc:2913 imb:54 pmb:598 smb:7508 d:- ref:0 ;
in:910 out:912 type:b dur:2 cpbdur:2 q:30.04 aq:26.77 tex:1310 mv:854 misc:1188 imb:8 pmb:160 smb:7992 d:- ref:0 ;
in:912 out:913 type:b dur:2 cpbdur:2 q:30.04 aq:23.08 tex:1112 mv:738 misc:1166 imb:10 pmb:132 smb:8018 d:- ref:0 ;
in:917 out:914 type:P dur:2 cpbdur:2 q:29.92 aq:19.58 tex:28480 mv:15019 misc:6597 imb:739 pmb:1690 smb:5731 d:- ref:0 ;
in:915 out:915 type:B dur:2 cpbdur:2 q:29.98 aq:22.24 tex:2799 mv:3929 misc:2768 imb:64 pmb:547 smb:7549 d:- ref:0 ;
in:914 out:916 type:b dur:2 cpbdur:2 q:30.01 aq:25.44 tex:1282 mv:655 misc:1215 imb:9 pmb:136 smb:8015 d:- ref:0 ;
in:916 out:917 type:b dur:2 cpbdur:2 q:29.95 aq:27.10 tex:3227 mv:884 misc:1201 imb:18 pmb:143 smb:7999 d:- ref:0 ;
in:921 out:918 type:P dur:2 cpbdur:2 q:29.81 aq:19.45 tex:22546 mv:16134 misc:6664 imb:850 pmb:1693 smb:5617 d:- ref:0 ;
in:919 out:919 type:B dur:2 cpbdur:2 q:29.86 aq:23.39 tex:4298 mv:4646 misc:3096 imb:97 pmb:609 smb:7454 d:- ref:0 ;
in:918 out:920 type:b dur:2 cpbdur:2 q:29.89 aq:22.82 tex:872 mv:644 misc:1100 imb:11 pmb:111 smb:8038 d:- ref:0 ;
in:920 out:921 type:b dur:2 cpbdur:2 q:29.83 aq:24.58 tex:1374 mv:701 misc:1269 imb:10 pmb:141 smb:8009 d:- ref:0 ;
in:925 out:922 type:P dur:2 cpbdur:2 q:29.68 aq:19.56 tex:28802 mv:14330 misc:6380 imb:772 pmb:1493 smb:5895 d:- ref:0 ;
in:923 out:923 type:B dur:2 cpbdur:2 q:29.74 aq:21.40 tex:6934 mv:5050 misc:3224 imb:64 pmb:666 smb:7430 d:- ref:0 ;
in:922 out:924 type:b dur:2 cpbdur:2 q:29.78 aq:25.03 tex:1650 mv:1284 misc:1458 imb:33 pmb:179 smb:7948 d:- ref:0 ;
in:924 out:925 type:b dur:2 cpbdur:2 q:29.71 aq:24.70 tex:923 mv:644 misc:1161 imb:10 pmb:129 smb:8021 d:- ref:0 ;
in:929 out:926 type:P dur:2 cpbdur:2 q:29.60 aq:20.07 tex:14213 mv:13225 misc:6106 imb:704 pmb:1351 smb:6105 d:- ref:0 ;
in:927 out:927 type:B dur:2 cpbdur:2 q:29.64 aq:22.41 tex:3964 mv:5060 misc:3296 imb:58 pmb:687 smb:7415 d:- ref:0 ;
in:926 out:928 type:b dur:2 cpbdur:2 q:29.66 aq:24.35 tex:1463 mv:1009 misc:1392 imb:15 pmb:172 smb:7973 d:- ref:0 ;
in:928 out:929 type:b dur:2 cpbdur:2 q:29.62 aq:25.02 tex:1894 mv:817 misc:1401 imb:10 pmb:174 smb:7976 d:- ref:0 ;
in:932 out:930 type:P dur:2 cpbdur:2 q:29.49 aq:22.84 tex:5360 mv:8082 misc:4566 imb:401 pmb:812 smb:6947 d:- ref:0 ;
in:930 out:931 type:B dur:2 cpbdur:2 q:29.56 aq:23.16 tex:2446 mv:3108 misc:2326 imb:48 pmb:382 smb:7730 d:- ref:0 ;
in:931 out:932 type:b dur:2 cpbdur:2 q:29.53 aq:23.97 tex:2342 mv:2281 misc:1841 imb:58 pmb:279 smb:7823 d:- ref:0 ;
in:933 out:933 type:I dur:2 cpbdur:2 q:26.68 aq:21.37 tex:373161 mv:174962 misc:797 imb:8160 pmb:0 smb:0 d:- ref:;
in:937 out:934 type:P dur:2 cpbdur:2 q:29.51 aq:24.67 tex:269009 mv:65010 misc:3533 imb:3463 pmb:3370 smb:1327 d:- ref:0 ;
in:935 out:935 type:B dur:2 cpbdur:2 q:29.51 aq:26.21 tex:93224 mv:57851 misc:5829 imb:1293 pmb:3742 smb:3125 d:- ref:0 ;
in:934 out:936 type:b dur:2 cpbdur:2 q:29.51 aq:26.70 tex:69074 mv:53023 misc:6215 imb:944 pmb:3844 smb:3372 d:- ref:0 ;
in:936 out:937 type:b dur:2 cpbdur:2 q:29.51 aq:27.19 tex:66110 mv:48178 misc:6576 imb:831 pmb:3523 smb:3806 d:- ref:0 ;
in:941 out:938 type:P dur:2 cpbdur:2 q:29.49 aq:24.98 tex:222162 mv:65133 misc:3529 imb:3257 pmb:3558 smb:1345 d:- ref:0 ;
in:939 out:939 type:B dur:2 cpbdur:2 q:29.50 aq:25.89 tex:84994 mv:59130 misc:5900 imb:1215 pmb:3962 smb:2983 d:- ref:0 ;
in:938 out:940 type:b dur:2 cpbdur:2 q:29.51 aq:26.80 tex:60322 mv:51740 misc:6450 imb:869 pmb:3875 smb:3416 d:- ref:0 ;
in:940 out:941 type:b dur:2 cpbdur:2 q:29.50 aq:26.85 tex:53514 mv:47065 misc:6525 imb:803 pmb:3416 smb:3941 d:- ref:0 ;
in:945 out:942 type:P dur:2 cpbdur:2 q:29.73 aq:24.88 tex:207281 mv:66038 misc:3617 imb:3357 pmb:3625 smb:1178 d:- ref:0 ;
in:943 out:943 type:B dur:2 cpbdur:2 q:29.61 aq:26.10 tex:95167 mv:59787 misc:5990 imb:1196 pmb:3944 smb:3020 d:- ref:0 ;
in:942 out:944 type:b dur:2 cpbdur:2 q:29.55 aq:27.29 tex:50639 mv:40552 misc:6593 imb:648 pmb:3126 smb:4386 d:- ref:0 ;
in:944 out:945 type:b dur:2 cpbdur:2 q:29.67 aq:27.20 tex:51856 mv:43878 misc:6738 imb:788 pmb:3281 smb:4091 d:- ref:0 ;
in:949 out:946 type:P dur:2 cpbdur:2 q:29.93 aq:25.16 tex:248012 mv:69609 misc:2363 imb:3790 pmb:3483 smb:887 d:- ref:0 ;
in:947 out:947 type:B dur:2 cpbdur:2 q:29.83 aq:26.75 tex:95266 mv:63726 misc:6088 imb:1229 pmb:4232 smb:2699 d:- ref:0 ;
in:946 out:948 type:b dur:2 cpbdur:2 q:29.78 aq:27.23 tex:58484 mv:51447 misc:6773 imb:766 pmb:3896 smb:3498 d:- ref:0 ;
in:948 out:949 type:b dur:2 cpbdur:2 q:29.88 aq:27.80 tex:59380 mv:48686 misc:6886 imb:836 pmb:3588 smb:3736 d:- ref:0 ;
in:953 out:950 type:P dur:2 cpbdur:2 q:30.10 aq:25.11 tex:202099 mv:64535 misc:3062 imb:3359 pmb:3497 smb:1304 d:- ref:0 ;
in:951 out:951 type:B dur:2 cpbdur:2 q:30.01 aq:26.77 tex:76820 mv:56369 misc:6115 imb:1119 pmb:3781 smb:3260 d:- ref:0 ;
in:950 out:952 type:b dur:2 cpbdur:2 q:29.97 aq:27.45 tex:56251 mv:49785 misc:6508 imb:869 pmb:3687 smb:3604 d:- ref:0 ;
in:952 out:953 type:b dur:2 cpbdur:2 q:30.06 aq:27.31 tex:55988 mv:46527 misc:6725 imb:806 pmb:3433 smb:3921 d:- ref:0 ;
in:957 out:954 type:P dur:2 cpbdur:2 q:30.27 aq:25.69 tex:209416 mv:64083 misc:3517 imb:3216 pmb:3457 smb:1487 d:- ref:0 ;
in:955 out:955 type:B dur:2 cpbdur:2 q:30.19 aq:27.10 tex:83110 mv:58052 misc:5862 imb:1104 pmb:3831 smb:3225 d:- ref:0 ;
in:954 out:956 type:b dur:2 cpbdur:2 q:30.14 aq:27.31 tex:49813 mv:47216 misc:6491 imb:769 pmb:3564 smb:3827 d:- ref:0 ;
in:956 out:957 type:b dur:2 cpbdur:2 q:30.23 aq:27.83 tex:56963 mv:47907 misc:6706 imb:809 pmb:3453 smb:3898 d:- ref:0 ;
in:961 out:958 type:P dur:2 cpbdur:2 q:30.45 aq:26.75 tex:175865 mv:60407 misc:3712 imb:3181 pmb:3330 smb:1649 d:- ref:0 ;
in:959 out:959 type:B dur:2 cpbdur:2 q:30.36 aq:27.07 tex:83893 mv:60313 misc:6290 imb:1108 pmb:4091 smb:2961 d:- ref:0 ;
in:958 out:960 type:b dur:2 cpbdur:2 q:30.32 aq:27.51 tex:58840 mv:49782 misc:6906 imb:932 pmb:3577 smb:3651 d:- ref:0 ;
in:960 out:961 type:b dur:2 cpbdur:2 q:30.40 aq:27.66 tex:61809 mv:49799 misc:6912 imb:925 pmb:3627 smb:3608 d:- ref:0 ;
in:965 out:962 type:P dur:2 cpbdur:2 q:30.58 aq:26.04 tex:314319 mv:76647 misc:1754 imb:4142 pmb:3547 smb:471 d:- ref:0 ;
in:963 out:963 type:B dur:2 cpbdur:2 q:30.51 aq:27.35 tex:123760 mv:66107 misc:6189 imb:1111 pmb:4543 smb:2506 d:- ref:0 ;
in:962 out:964 type:b dur:2 cpbdur:2 q:30.48 aq:28.04 tex:107768 mv:68841 misc:5751 imb:1273 pmb:4581 smb:2306 d:- ref:0 ;
in:964 out:965 type:b dur:2 cpbdur:2 q:30.55 aq:27.99 tex:63983 mv:45380 misc:6789 imb:710 pmb:3306 smb:4144 d:- ref:0 ;
in:969 out:966 type:P dur:2 cpbdur:2 q:30.76 aq:26.42 tex:197592 mv:62415 misc:4145 imb:3111 pmb:3491 smb:1558 d:- ref:0 ;
in:967 out:967 type:B dur:2 cpbdur:2 q:30.67 aq:27.57 tex:82126 mv:54036 misc:6278 imb:1086 pmb:3444 smb:3630 d:- ref:0 ;
in:966 out:968 type:b dur:2 cpbdur:2 q:30.63 aq:27.95 tex:64253 mv:51189 misc:6486 imb:963 pmb:3680 smb:3517 d:- ref:0 ;
in:968 out:969 type:b dur:2 cpbdur:2 q:30.72 aq:28.21 tex:58594 mv:46058 misc:6796 imb:727 pmb:3361 smb:4072 d:- ref:0 ;
in:973 out:970 type:P dur:2 cpbdur:2 q:31.00 aq:27.01 tex:202904 mv:63600 misc:3856 imb:3116 pmb:3481 smb:1563 d:- ref:0 ;
in:971 out:971 type:B dur:2 cpbdur:2 q:30.88 aq:27.99 tex:82730 mv:57466 misc:6180 imb:1055 pmb:3788 smb:3317 d:- ref:0 ;
in:970 out:972 type:b dur:2 cpbdur:2 q:30.82 aq:28.58 tex:44462 mv:45525 misc:7013 imb:688 pmb:3498 smb:3974 d:- ref:0 ;
in:972 out:973 type:b dur:2 cpbdur:2 q:30.94 aq:28.85 tex:52449 mv:46387 misc:6836 imb:699 pmb:3422 smb:4039 d:- ref:0 ;
in:977 out:974 type:P dur:2 cpbdur:2 q:31.15 aq:27.12 tex:149321 mv:57968 misc:4159 imb:3254 pmb:3189 smb:1717 d:- ref:0 ;
in:975 out:975 type:B dur:2 cpbdur:2 q:31.07 aq:28.09 tex:81328 mv:56385 misc:6143 imb:1135 pmb:3700 smb:3325 d:- ref:0 ;
in:974 out:976 type:b dur:2 cpbdur:2 q:31.03 aq:28.73 tex:45620 mv:44376 misc:6932 imb:740 pmb:3306 smb:4114 d:- ref:0 ;
in:976 out:977 type:b dur:2 cpbdur:2 q:31.11 aq:28.46 tex:51440 mv:43179 misc:6733 imb:854 pmb:3054 smb:4252 d:- ref:0 ;
in:980 out:978 type:P dur:2 cpbdur:2 q:31.27 aq:28.43 tex:107123 mv:52273 misc:5100 imb:2877 pmb:2814 smb:2469 d:- ref:0 ;
in:978 out:979 type:B dur:2 cpbdur:2 q:31.19 aq:29.23 tex:59236 mv:49503 misc:6709 imb:957 pmb:3337 smb:3866 d:- ref:0 ;
in:979 out:980 type:b dur:2 cpbdur:2 q:31.23 aq:28.91 tex:52913 mv:45647 misc:6752 imb:831 pmb:3281 smb:4048 d:- ref:0 ;
in:981 out:981 type:I dur:2 cpbdur:2 q:27.64 aq:19.92 tex:314132 mv:116335 misc:709 imb:8160 pmb:0 smb:0 d:- ref:;
in:985 out:982 type:P dur:2 cpbdur:2 q:31.44 aq:23.95 tex:70505 mv:33394 misc:5917 imb:1900 pmb:2092 smb:4168 d:- ref:0 ;
in:983 out:983 type:B dur:2 cpbdur:2 q:31.44 aq:25.79 tex:13005 mv:18261 misc:5398 imb:255 pmb:1724 smb:6181 d:- ref:0 ;
in:982 out:984 type:b dur:2 cpbdur:2 q:31.44 aq:25.48 tex:6957 mv:10841 misc:3738 imb:116 pmb:1070 smb:6974 d:- ref:0 ;
in:984 out:985 type:b dur:2 cpbdur:2 q:31.44 aq:25.81 tex:6418 mv:11700 misc:4218 imb:123 pmb:1136 smb:6901 d:- ref:0 ;
in:989 out:986 type:P dur:2 cpbdur:2 q:31.51 aq:23.19 tex:162779 mv:58050 misc:3451 imb:4210 pmb:3089 smb:861 d:- ref:0 ;
in:987 out:987 type:B dur:2 cpbdur:2 q:31.48 aq:24.91 tex:17602 mv:22254 misc:6552 imb:361 pmb:2212 smb:5587 d:- ref:0 ;
in:986 out:988 type:b dur:2 cpbdur:2 q:31.46 aq:26.67 tex:5719 mv:12415 misc:4026 imb:133 pmb:1154 smb:6873 d:- ref:0 ;
in:988 out:989 type:b dur:2 cpbdur:2 q:31.49 aq:25.49 tex:21318 mv:24274 misc:7072 imb:659 pmb:2276 smb:5225 d:- ref:0 ;
in:993 out:990 type:P dur:2 cpbdur:2 q:31.57 aq:23.61 tex:88112 mv:33978 misc:6358 imb:1498 pmb:2606 smb:4056 d:- ref:0 ;
in:991 out:991 type:B dur:2 cpbdur:2 q:31.54 aq:25.74 tex:12956 mv:17035 misc:5217 imb:187 pmb:1627 smb:6346 d:- ref:0 ;
in:990 out:992 type:b dur:2 cpbdur:2 q:31.52 aq:26.98 tex:6932 mv:13171 misc:4313 imb:117 pmb:1353 smb:6690 d:- ref:0 ;
in:992 out:993 type:b dur:2 cpbdur:2 q:31.55 aq:27.22 tex:5621 mv:10695 misc:3724 imb:109 pmb:1014 smb:7037 d:- ref:0 ;
in:997 out:994 type:P dur:2 cpbdur:2 q:31.56 aq:23.66 tex:63341 mv:30883 misc:5448 imb:1544 pmb:2111 smb:4505 d:- ref:0 ;
in:995 out:995 type:B dur:2 cpbdur:2 q:31.57 aq:25.83 tex:12850 mv:16825 misc:4645 imb:182 pmb:1520 smb:6458 d:- ref:0 ;
in:994 out:996 type:b dur:2 cpbdur:2 q:31.57 aq:27.12 tex:5727 mv:10573 misc:3596 imb:124 pmb:1031 smb:7005 d:- ref:0 ;
in:996 out:997 type:b dur:2 cpbdur:2 q:31.56 aq:26.69 tex:5628 mv:11538 misc:3874 imb:166 pmb:1024 smb:6970 d:- ref:0 ;
in:1001 out:998 type:P dur:2 cpbdur:2 q:31.51 aq:23.77 tex:86937 mv:36756 misc:6235 imb:2116 pmb:2369 smb:3675 d:- ref:0 ;
in:999 out:999 type:B dur:2 cpbdur:2 q:31.54 aq:25.17 tex:16162 mv:21479 misc:5511 imb:278 pmb:1921 smb:5961 d:- ref:0 ;
in:998 out:1000 type:b dur:2 cpbdur:2 q:31.55 aq:26.39 tex:5450 mv:10367 misc:3815 imb:91 pmb:1082 smb:6987 d:- ref:0 ;
in:1000 out:1001 type:b dur:2 cpbdur:2 q:31.53 aq:25.85 tex:9637 mv:16129 misc:4938 imb:239 pmb:1442 smb:6479 d:- ref:0 ;
in:1003 out:1002 type:P dur:2 cpbdur:2 q:31.46 aq:23.18 tex:67099 mv:29050 misc:6555 imb:1492 pmb:2179 smb:4489 d:- ref:0 ;
in:1002 out:1003 type:b dur:2 cpbdur:2 q:31.49 aq:26.10 tex:7799 mv:12526 misc:4555 imb:148 pmb:1298 smb:6714 d:- ref:0 ;
in:1007 out:1004 type:P dur:2 cpbdur:2 q:31.46 aq:24.09 tex:86826 mv:34330 misc:5748 imb:1644 pmb:2332 smb:4184 d:- ref:0 ;
in:1005 out:1005 type:B dur:2 cpbdur:2 q:31.46 aq:25.55 tex:19817 mv:19599 misc:5144 imb:239 pmb:1795 smb:6126 d:- ref:0 ;
in:1004 out:1006 type:b dur:2 cpbdur:2 q:31.46 aq:25.32 tex:5954 mv:9304 misc:3198 imb:81 pmb:929 smb:7150 d:- ref:0 ;
in:1006 out:1007 type:b dur:2 cpbdur:2 q:31.46 aq:25.62 tex:7414 mv:9597 misc:3349 imb:77 pmb:989 smb:7094 d:- ref:0 ;
in:1011 out:1008 type:P dur:2 cpbdur:2 q:31.44 aq:24.12 tex:109935 mv:40939 misc:6182 imb:2299 pmb:2577 smb:3284 d:- ref:0 ;
in:1009 out:1009 type:B dur:2 cpbdur:2 q:31.45 aq:25.43 tex:28337 mv:24932 misc:6163 imb:302 pmb:2187 smb:5671 d:- ref:0 ;
in:1008 out:1010 type:b dur:2 cpbdur:2 q:31.46 aq:26.19 tex:9584 mv:15288 misc:4728 imb:129 pmb:1478 smb:6553 d:- ref:0 ;
in:1010 out:1011 type:b dur:2 cpbdur:2 q:31.45 aq:26.82 tex:11514 mv:15558 misc:4720 imb:160 pmb:1470 smb:6530 d:- ref:0 ;
in:1015 out:1012 type:P dur:2 cpbdur:2 q:31.42 aq:24.56 tex:95885 mv:39214 misc:6309 imb:2147 pmb:2453 smb:3560 d:- ref:0 ;
in:1013 out:1013 type:B dur:2 cpbdur:2 q:31.43 aq:24.95 tex:26750 mv:24779 misc:6079 imb:308 pmb:2210 smb:5642 d:- ref:0 ;
in:1012 out:1014 type:b dur:2 cpbdur:2 q:31.44 aq:27.22 tex:10239 mv:12941 misc:4292 imb:98 pmb:1287 smb:6775 d:- ref:0 ;
in:1014 out:1015 type:b dur:2 cpbdur:2 q:31.42 aq:25.88 tex:10457 mv:14529 misc:4758 imb:162 pmb:1389 smb:6609 d:- ref:0 ;
in:1019 out:1016 type:P dur:2 cpbdur:2 q:31.42 aq:24.93 tex:96342 mv:39864 misc:6306 imb:2277 pmb:2435 smb:3448 d:- ref:0 ;
in:1017 out:1017 type:B dur:2 cpbdur:2 q:31.42 aq:25.83 tex:30029 mv:31160 misc:6539 imb:521 pmb:2489 smb:5150 d:- ref:0 ;
in:1016 out:1018 type:b dur:2 cpbdur:2 q:31.42 aq:25.99 tex:13296 mv:20449 misc:5583 imb:236 pmb:1890 smb:6034 d:- ref:0 ;
in:1018 out:1019 type:b dur:2 cpbdur:2 q:31.42 aq:26.35 tex:17184 mv:26514 misc:6526 imb:455 pmb:2231 smb:5474 d:- ref:0 ;
in:1023 out:1020 type:P dur:2 cpbdur:2 q:31.41 aq:24.64 tex:120390 mv:50910 misc:5092 imb:3707 pmb:2607 smb:1846 d:- ref:0 ;
in:1021 out:1021 type:B dur:2 cpbdur:2 q:31.41 aq:25.83 tex:33331 mv:36002 misc:7355 imb:651 pmb:2849 smb:4660 d:- ref:0 ;
in:1020 out:1022 type:b dur:2 cpbdur:2 q:31.42 aq:26.23 tex:13188 mv:21964 misc:6288 imb:296 pmb:2033 smb:5831 d:- ref:0 ;
in:1022 out:1023 type:b dur:2 cpbdur:2 q:31.41 aq:25.83 tex:15692 mv:23572 misc:6424 imb:379 pmb:2026 smb:5755 d:- ref:0 ;
in:1027 out:1024 type:P dur:2 cpbdur:2 q:31.42 aq:24.71 tex:89835 mv:42240 misc:6077 imb:2739 pmb:2390 smb:3031 d:- ref:0 ;
in:1025 out:1025 type:B dur:2 cpbdur:2 q:31.41 aq:25.30 tex:27987 mv:27837 misc:6312 imb:384 pmb:2445 smb:5331 d:- ref:0 ;
in:1024 out:1026 type:b dur:2 cpbdur:2 q:31.41 aq:26.16 tex:15211 mv:25118 misc:6023 imb:401 pmb:2117 smb:5642 d:- ref:0 ;
in:1026 out:1027 type:b dur:2 cpbdur:2 q:31.42 aq:26.07 tex:11652 mv:17772 misc:5120 imb:238 pmb:1550 smb:6372 d:- ref:0 ;
in:1030 out:1028 type:P dur:2 cpbdur:2 q:31.44 aq:26.54 tex:63007 mv:28279 misc:5474 imb:1437 pmb:1754 smb:4969 d:- ref:0 ;
in:1028 out:1029 type:B dur:2 cpbdur:2 q:31.43 aq:27.08 tex:13308 mv:16952 misc:4700 imb:215 pmb:1517 smb:6428 d:- ref:0 ;
in:1029 out:1030 type:b dur:2 cpbdur:2 q:31.43 aq:27.33 tex:11744 mv:14883 misc:4629 imb:142 pmb:1457 smb:6561 d:- ref:0 ;
in:1031 out:1031 type:I dur:2 cpbdur:2 q:28.46 aq:17.78 tex:285205 mv:120964 misc:679 imb:8160 pmb:0 smb:0 d:- ref:;
in:1035 out:1032 type:P dur:2 cpbdur:2 q:31.52 aq:20.85 tex:17589 mv:9239 misc:3988 imb:488 pmb:952 smb:6720 d:- ref:0 ;
in:1033 out:1033 type:B dur:2 cpbdur:2 q:31.52 aq:25.16 tex:10773 mv:3312 misc:867 imb:195 pmb:175 smb:7790 d:- ref:0 ;
in:1032 out:1034 type:b dur:2 cpbdur:2 q:31.52 aq:25.67 tex:2116 mv:1147 misc:561 imb:45 pmb:77 smb:8038 d:- ref:0 ;
in:1034 out:1035 type:b dur:2 cpbdur:2 q:31.52 aq:18.80 tex:64 mv:252 misc:660 imb:5 pmb:103 smb:8052 d:- ref:0 ;
in:1039 out:1036 type:P dur:2 cpbdur:2 q:31.48 aq:20.47 tex:17244 mv:9861 misc:4951 imb:228 pmb:1168 smb:6764 d:- ref:0 ;
in:1037 out:1037 type:B dur:2 cpbdur:2 q:31.50 aq:21.60 tex:223 mv:333 misc:676 imb:8 pmb:48 smb:8104 d:- ref:0 ;
in:1036 out:1038 type:b dur:2 cpbdur:2 q:31.51 aq:19.67 tex:22 mv:31 misc:427 imb:1 pmb:4 smb:8155 d:- ref:0 ;
in:1038 out:1039 type:b dur:2 cpbdur:2 q:31.49 aq:22.30 tex:636 mv:421 misc:487 imb:40 pmb:19 smb:8101 d:- ref:0 ;
in:1043 out:1040 type:P dur:2 cpbdur:2 q:31.45 aq:21.36 tex:19452 mv:11331 misc:5321 imb:256 pmb:1292 smb:6612 d:- ref:0 ;
in:1041 out:1041 type:B dur:2 cpbdur:2 q:31.47 aq:26.84 tex:373 mv:551 misc:836 imb:6 pmb:80 smb:8074 d:- ref:0 ;
in:1040 out:1042 type:b dur:2 cpbdur:2 q:31.47 aq:28.43 tex:60 mv:82 misc:498 imb:0 pmb:27 smb:8133 d:- ref:0 ;
in:1042 out:1043 type:b dur:2 cpbdur:2 q:31.46 aq:23.59 tex:21 mv:35 misc:432 imb:0 pmb:6 smb:8154 d:- ref:0 ;
in:1047 out:1044 type:P dur:2 cpbdur:2 q:31.34 aq:21.29 tex:7856 mv:11484 misc:5356 imb:259 pmb:1319 smb:6582 d:- ref:0 ;
in:1045 out:1045 type:B dur:2 cpbdur:2 q:31.40 aq:26.55 tex:314 mv:485 misc:761 imb:11 pmb:50 smb:8099 d:- ref:0 ;
in:1044 out:1046 type:b dur:2 cpbdur:2 q:31.43 aq:25.18 tex:16 mv:36 misc:420 imb:1 pmb:3 smb:8156 d:- ref:0 ;
in:1046 out:1047 type:b dur:2 cpbdur:2 q:31.37 aq:17.44 tex:40 mv:61 misc:435 imb:1 pmb:6 smb:8153 d:- ref:0 ;
in:1051 out:1048 type:P dur:2 cpbdur:2 q:31.25 aq:20.60 tex:8718 mv:12281 misc:5705 imb:313 pmb:1413 smb:6434 d:- ref:0 ;
in:1049 out:1049 type:B dur:2 cpbdur:2 q:31.30 aq:22.86 tex:370 mv:551 misc:831 imb:10 pmb:62 smb:8088 d:- ref:0 ;
in:1048 out:1050 type:b dur:2 cpbdur:2 q:31.32 aq:16.50 tex:49 mv:97 misc:462 imb:4 pmb:8 smb:8148 d:- ref:0 ;
in:1050 out:1051 type:b dur:2 cpbdur:2 q:31.28 aq:18.32 tex:81 mv:77 misc:474 imb:2 pmb:10 smb:8148 d:- ref:0 ;
in:1055 out:1052 type:P dur:2 cpbdur:2 q:31.15 aq:21.50 tex:16168 mv:12299 misc:5741 imb:354 pmb:1383 smb:6423 d:- ref:0 ;
in:1053 out:1053 type:B dur:2 cpbdur:2 q:31.20 aq:21.75 tex:1968 mv:779 misc:837 imb:8 pmb:84 smb:8068 d:- ref:0 ;
in:1052 out:1054 type:b dur:2 cpbdur:2 q:31.23 aq:18.99 tex:905 mv:228 misc:475 imb:20 pmb:7 smb:8133 d:- ref:0 ;
in:1054 out:1055 type:b dur:2 cpbdur:2 q:31.17 aq:22.30 tex:30 mv:126 misc:508 imb:2 pmb:19 smb:8139 d:- ref:0 ;
in:1059 out:1056 type:P dur:2 cpbdur:2 q:31.06 aq:21.63 tex:14742 mv:13541 misc:5885 imb:446 pmb:1488 smb:6226 d:- ref:0 ;
in:1057 out:1057 type:B dur:2 cpbdur:2 q:31.10 aq:21.61 tex:416 mv:564 misc:868 imb:14 pmb:68 smb:8078 d:- ref:0 ;
in:1056 out:1058 type:b dur:2 cpbdur:2 q:31.12 aq:16.93 tex:66 mv:76 misc:458 imb:4 pmb:5 smb:8151 d:- ref:0 ;
in:1058 out:1059 type:b dur:2 cpbdur:2 q:31.08 aq:22.38 tex:133 mv:184 misc:555 imb:3 pmb:30 smb:8127 d:- ref:0 ;
in:1063 out:1060 type:P dur:2 cpbdur:2 q:30.95 aq:21.47 tex:23324 mv:13229 misc:5919 imb:363 pmb:1482 smb:6315 d:- ref:0 ;
in:1061 out:1061 type:B dur:2 cpbdur:2 q:31.00 aq:20.78 tex:423 mv:361 misc:832 imb:2 pmb:78 smb:8080 d:- ref:0 ;
in:1060 out:1062 type:b dur:2 cpbdur:2 q:31.03 aq:22.52 tex:741 mv:278 misc:541 imb:5 pmb:52 smb:8103 d:- ref:0 ;
in:1062 out:1063 type:b dur:2 cpbdur:2 q:30.98 aq:20.98 tex:43 mv:63 misc:462 imb:1 pmb:8 smb:8151 d:- ref:0 ;
in:1067 out:1064 type:P dur:2 cpbdur:2 q:30.87 aq:21.08 tex:9802 mv:12597 misc:5817 imb:324 pmb:1452 smb:6384 d:- ref:0 ;
in:1065 out:1065 type:B dur:2 cpbdur:2 q:30.91 aq:24.17 tex:674 mv:575 misc:903 imb:12 pmb:73 smb:8075 d:- ref:0 ;
in:1064 out:1066 type:b dur:2 cpbdur:2 q:30.93 aq:22.00 tex:33 mv:63 misc:464 imb:0 pmb:10 smb:8150 d:- ref:0 ;
in:1066 out:1067 type:b dur:2 cpbdur:2 q:30.89 aq:23.80 tex:128 mv:83 misc:501 imb:2 pmb:14 smb:8144 d:- ref:0 ;
in:1071 out:1068 type:P dur:2 cpbdur:2 q:30.76 aq:21.64 tex:8086 mv:11063 misc:5435 imb:305 pmb:1250 smb:6605 d:- ref:0 ;
in:1069 out:1069 type:B dur:2 cpbdur:2 q:30.82 aq:21.49 tex:677 mv:887 misc:1044 imb:22 pmb:89 smb:8049 d:- ref:0 ;
in:1068 out:1070 type:b dur:2 cpbdur:2 q:30.84 aq:21.20 tex:25 mv:11 misc:412 imb:0 pmb:3 smb:8157 d:- ref:0 ;
in:1070 out:1071 type:b dur:2 cpbdur:2 q:30.79 aq:22.13 tex:64 mv:45 misc:443 imb:1 pmb:7 smb:8152 d:- ref:0 ;
in:1075 out:1072 type:P dur:2 cpbdur:2 q:30.67 aq:22.26 tex:6949 mv:10755 misc:5192 imb:301 pmb:1163 smb:6696 d:- ref:0 ;
in:1073 out:1073 type:B dur:2 cpbdur:2 q:30.72 aq:21.32 tex:709 mv:575 misc:972 imb:13 pmb:83 smb:8064 d:- ref:0 ;
in:1072 out:1074 type:b dur:2 cpbdur:2 q:30.74 aq:23.15 tex:67 mv:43 misc:442 imb:2 pmb:5 smb:8153 d:- ref:0 ;
in:1074 out:1075 type:b dur:2 cpbdur:2 q:30.69 aq:24.00 tex:6 mv:26 misc:440 imb:0 pmb:6 smb:8154 d:- ref:0 ;
in:1079 out:1076 type:P dur:2 cpbdur:2 q:30.56 aq:23.59 tex:19711 mv:9859 misc:4502 imb:426 pmb:938 smb:6796 d:- ref:0 ;
in:1077 out:1077 type:B dur:2 cpbdur:2 q:30.61 aq:22.05 tex:6900 mv:2869 misc:1583 imb:141 pmb:205 smb:7814 d:- ref:0 ;
in:1076 out:1078 type:b dur:2 cpbdur:2 q:30.64 aq:18.40 tex:8883 mv:1407 misc:678 imb:90 pmb:76 smb:7994 d:- ref:0 ;
in:1078 out:1079 type:b dur:2 cpbdur:2 q:30.59 aq:25.47 tex:1035 mv:375 misc:662 imb:6 pmb:97 smb:8057 d:- ref:0 ;
in:1080 out:1080 type:P dur:2 cpbdur:2 q:30.47 aq:23.70 tex:2349 mv:3471 misc:2372 imb:83 pmb:443 smb:7634 d:- ref:0 ;
in:1081 out:1081 type:I dur:2 cpbdur:2 q:28.02 aq:18.92 tex:473224 mv:166331 misc:805 imb:8160 pmb:0 smb:0 d:- ref:;
in:1085 out:1082 type:P dur:2 cpbdur:2 q:30.59 aq:23.71 tex:16557 mv:7517 misc:3870 imb:124 pmb:1099 smb:6937 d:- ref:0 ;
in:1083 out:1083 type:B dur:2 cpbdur:2 q:30.59 aq:23.78 tex:2563 mv:4326 misc:2447 imb:16 pmb:692 smb:7452 d:- ref:0 ;
in:1082 out:1084 type:b dur:2 cpbdur:2 q:30.59 aq:26.49 tex:1399 mv:1621 misc:1204 imb:12 pmb:187 smb:7961 d:- ref:0 ;
in:1084 out:1085 type:b dur:2 cpbdur:2 q:30.59 aq:24.36 tex:551 mv:847 misc:1122 imb:6 pmb:149 smb:8005 d:- ref:0 ;
in:1089 out:1086 type:P dur:2 cpbdur:2 q:30.48 aq:19.97 tex:269717 mv:62365 misc:2262 imb:3241 pmb:4540 smb:379 d:- ref:0 ;
in:1087 out:1087 type:B dur:2 cpbdur:2 q:30.54 aq:23.35 tex:10762 mv:11126 misc:6832 imb:122 pmb:2176 smb:5862 d:- ref:0 ;
in:1086 out:1088 type:b dur:2 cpbdur:2 q:30.56 aq:24.00 tex:12210 mv:11673 misc:5893 imb:291 pmb:1526 smb:6343 d:- ref:0 ;
in:1088 out:1089 type:b dur:2 cpbdur:2 q:30.51 aq:24.56 tex:4719 mv:3895 misc:2050 imb:40 pmb:442 smb:7678 d:- ref:0 ;
in:1093 out:1090 type:P dur:2 cpbdur:2 q:30.54 aq:20.58 tex:75780 mv:20792 misc:6844 imb:580 pmb:2871 smb:4709 d:- ref:0 ;
in:1091 out:1091 type:B dur:2 cpbdur:2 q:30.51 aq:23.67 tex:7692 mv:5653 misc:3271 imb:68 pmb:781 smb:7311 d:- ref:0 ;
in:1090 out:1092 type:b dur:2 cpbdur:2 q:30.50 aq:25.18 tex:4674 mv:3154 misc:1612 imb:26 pmb:351 smb:7783 d:- ref:0 ;
in:1092 out:1093 type:b dur:2 cpbdur:2 q:30.53 aq:25.34 tex:3006 mv:2398 misc:1476 imb:18 pmb:281 smb:7861 d:- ref:0 ;
in:1097 out:1094 type:P dur:2 cpbdur:2 q:30.54 aq:21.61 tex:57646 mv:16061 misc:5381 imb:460 pmb:2046 smb:5654 d:- ref:0 ;
in:1095 out:1095 type:B dur:2 cpbdur:2 q:30.54 aq:24.58 tex:10855 mv:6737 misc:2832 imb:60 pmb:750 smb:7350 d:- ref:0 ;
in:1094 out:1096 type:b dur:2 cpbdur:2 q:30.54 aq:27.08 tex:5225 mv:3535 misc:1560 imb:29 pmb:340 smb:7791 d:- ref:0 ;
in:1096 out:1097 type:b dur:2 cpbdur:2 q:30.54 aq:24.54 tex:6339 mv:4067 misc:1578 imb:38 pmb:378 smb:7744 d:- ref:0 ;
in:1101 out:1098 type:P dur:2 cpbdur:2 q:30.46 aq:22.50 tex:49780 mv:11592 misc:3924 imb:408 pmb:1281 smb:6471 d:- ref:0 ;
in:1099 out:1099 type:B dur:2 cpbdur:2 q:30.50 aq:24.40 tex:11327 mv:7488 misc:2625 imb:87 pmb:868 smb:7205 d:- ref:0 ;
in:1098 out:1100 type:b dur:2 cpbdur:2 q:30.52 aq:24.53 tex:7592 mv:4691 misc:1645 imb:40 pmb:447 smb:7673 d:- ref:0 ;
in:1100 out:1101 type:b dur:2 cpbdur:2 q:30.48 aq:26.32 tex:6871 mv:4622 misc:1363 imb:42 pmb:368 smb:7750 d:- ref:0 ;
in:1105 out:1102 type:P dur:2 cpbdur:2 q:30.38 aq:19.64 tex:237418 mv:54112 misc:4078 imb:2356 pmb:4577 smb:1227 d:- ref:0 ;
in:1103 out:1103 type:B dur:2 cpbdur:2 q:30.42 aq:23.77 tex:12492 mv:8376 misc:5636 imb:71 pmb:1722 smb:6367 d:- ref:0 ;
in:1102 out:1104 type:b dur:2 cpbdur:2 q:30.44 aq:24.12 tex:5977 mv:5710 misc:3321 imb:39 pmb:792 smb:7329 d:- ref:0 ;
in:1104 out:1105 type:b dur:2 cpbdur:2 q:30.40 aq:25.08 tex:5285 mv:3458 misc:1377 imb:58 pmb:315 smb:7787 d:- ref:0 ;
in:1109 out:1106 type:P dur:2 cpbdur:2 q:30.40 aq:20.16 tex:65854 mv:15363 misc:6135 imb:481 pmb:2138 smb:5541 d:- ref:0 ;
in:1107 out:1107 type:B dur:2 cpbdur:2 q:30.39 aq:23.53 tex:9810 mv:4957 misc:2105 imb:55 pmb:502 smb:7603 d:- ref:0 ;
in:1106 out:1108 type:b dur:2 cpbdur:2 q:30.39 aq:27.50 tex:5283 mv:3424 misc:1125 imb:29 pmb:268 smb:7863 d:- ref:0 ;
in:1108 out:1109 type:b dur:2 cpbdur:2 q:30.40 aq:26.75 tex:6703 mv:3863 misc:1138 imb:53 pmb:287 smb:7820 d:- ref:0 ;
in:1113 out:1110 type:P dur:2 cpbdur:2 q:30.37 aq:20.93 tex:53337 mv:12613 misc:4394 imb:326 pmb:1543 smb:6291 d:- ref:0 ;
in:1111 out:1111 type:B dur:2 cpbdur:2 q:30.39 aq:23.65 tex:9328 mv:5816 misc:2136 imb:60 pmb:549 smb:7551 d:- ref:0 ;
in:1110 out:1112 type:b dur:2 cpbdur:2 q:30.39 aq:26.01 tex:5697 mv:3441 misc:1142 imb:35 pmb:272 smb:7853 d:- ref:0 ;
in:1112 out:1113 type:b dur:2 cpbdur:2 q:30.38 aq:26.29 tex:4187 mv:2849 misc:1220 imb:18 pmb:272 smb:7870 d:- ref:0 ;
in:1117 out:1114 type:P dur:2 cpbdur:2 q:30.29 aq:22.18 tex:38819 mv:9877 misc:3744 imb:240 pmb:1208 smb:6712 d:- ref:0 ;
in:1115 out:1115 type:B dur:2 cpbdur:2 q:30.33 aq:23.02 tex:7445 mv:4386 misc:1873 imb:28 pmb:481 smb:7651 d:- ref:0 ;
in:1114 out:1116 type:b dur:2 cpbdur:2 q:30.35 aq:23.51 tex:2419 mv:2128 misc:1069 imb:15 pmb:210 smb:7935 d:- ref:0 ;
in:1116 out:1117 type:b dur:2 cpbdur:2 q:30.31 aq:25.90 tex:5339 mv:3273 misc:1116 imb:21 pmb:274 smb:7865 d:- ref:0 ;
in:1121 out:1118 type:P dur:2 cpbdur:2 q:30.21 aq:20.59 tex:208571 mv:46307 misc:5042 imb:2196 pmb:4005 smb:1959 d:- ref:0 ;
in:1119 out:1119 type:B dur:2 cpbdur:2 q:30.25 aq:23.93 tex:16492 mv:9596 misc:5480 imb:110 pmb:1621 smb:6429 d:- ref:0 ;
in:1118 out:1120 type:b dur:2 cpbdur:2 q:30.27 aq:24.30 tex:14867 mv:7032 misc:3565 imb:99 pmb:943 smb:7118 d:- ref:0 ;
in:1120 out:1121 type:b dur:2 cpbdur:2 q:30.23 aq:26.01 tex:7070 mv:4385 misc:1513 imb:51 pmb:355 smb:7754 d:- ref:0 ;
in:1125 out:1122 type:P dur:2 cpbdur:2 q:30.21 aq:21.64 tex:51443 mv:16191 misc:5798 imb:451 pmb:2009 smb:5700 d:- ref:0 ;
in:1123 out:1123 type:B dur:2 cpbdur:2 q:30.21 aq:23.53 tex:12011 mv:6617 misc:2588 imb:52 pmb:718 smb:7390 d:- ref:0 ;
in:1122 out:1124 type:b dur:2 cpbdur:2 q:30.21 aq:25.06 tex:5414 mv:4624 misc:1346 imb:33 pmb:374 smb:7753 d:- ref:0 ;
in:1124 out:1125 type:b dur:2 cpbdur:2 q:30.21 aq:26.98 tex:4803 mv:4077 misc:1672 imb:14 pmb:434 smb:7712 d:- ref:0 ;
in:1129 out:1126 type:P dur:2 cpbdur:2 q:30.18 aq:22.32 tex:69771 mv:21291 misc:5698 imb:672 pmb:2263 smb:5225 d:- ref:0 ;
in:1127 out:1127 type:B dur:2 cpbdur:2 q:30.20 aq:23.87 tex:15613 mv:10014 misc:3581 imb:108 pmb:991 smb:7061 d:- ref:0 ;
in:1126 out:1128 type:b dur:2 cpbdur:2 q:30.20 aq:26.21 tex:5960 mv:4856 misc:1424 imb:25 pmb:389 smb:7746 d:- ref:0 ;
in:1128 out:1129 type:b dur:2 cpbdur:2 q:30.19 aq:26.57 tex:9723 mv:6234 misc:2499 imb:37 pmb:651 smb:7472 d:- ref:0 ;
in:1133 out:1130 type:P dur:2 cpbdur:2 q:30.11 aq:22.23 tex:88352 mv:28958 misc:6410 imb:1106 pmb:2671 smb:4383 d:- ref:0 ;
in:1131 out:1131 type:B dur:2 cpbdur:2 q:30.15 aq:23.59 tex:23261 mv:12260 misc:4719 imb:242 pmb:1352 smb:6566 d:- ref:0 ;
in:1130 out:1132 type:b dur:2 cpbdur:2 q:30.16 aq:24.84 tex:8145 mv:6076 misc:2619 imb:40 pmb:686 smb:7434 d:- ref:0 ;
in:1132 out:1133 type:b dur:2 cpbdur:2 q:30.13 aq:25.06 tex:12292 mv:10988 misc:4176 imb:125 pmb:1186 smb:6849 d:- ref:0 ;
in:1137 out:1134 type:P dur:2 cpbdur:2 q:30.07 aq:20.94 tex:161890 mv:52760 misc:4822 imb:2448 pmb:4296 smb:1416 d:- ref:0 ;
in:1135 out:1135 type:B dur:2 cpbdur:2 q:30.09 aq:24.22 tex:20553 mv:14238 misc:6073 imb:176 pmb:1975 smb:6009 d:- ref:0 ;
in:1134 out:1136 type:b dur:2 cpbdur:2 q:30.10 aq:24.22 tex:13495 mv:13078 misc:5051 imb:130 pmb:1533 smb:6497 d:- ref:0 ;
in:1136 out:1137 type:b dur:2 cpbdur:2 q:30.08 aq:24.88 tex:8184 mv:7529 misc:3367 imb:53 pmb:852 smb:7255 d:- ref:0 ;
in:1141 out:1138 type:P dur:2 cpbdur:2 q:30.08 aq:22.18 tex:66901 mv:20671 misc:6068 imb:599 pmb:2298 smb:5263 d:- ref:0 ;
in:1139 out:1139 type:B dur:2 cpbdur:2 q:30.07 aq:24.08 tex:13856 mv:9676 misc:3860 imb:90 pmb:1100 smb:6970 d:- ref:0 ;
in:1138 out:1140 type:b dur:2 cpbdur:2 q:30.07 aq:25.56 tex:4852 mv:6015 misc:2397 imb:46 pmb:623 smb:7491 d:- ref:0 ;
in:1140 out:1141 type:b dur:2 cpbdur:2 q:30.07 aq:26.28 tex:3717 mv:5101 misc:2470 imb:22 pmb:602 smb:7536 d:- ref:0 ;
in:1145 out:1142 type:P dur:2 cpbdur:2 q:30.05 aq:23.30 tex:59890 mv:23600 misc:5622 imb:751 pmb:2264 smb:5145 d:- ref:0 ;
in:1143 out:1143 type:B dur:2 cpbdur:2 q:30.07 aq:23.79 tex:11957 mv:11518 misc:4461 imb:112 pmb:1274 smb:6774 d:- ref:0 ;
in:1142 out:1144 type:b dur:2 cpbdur:2 q:30.07 aq:27.10 tex:4788 mv:6929 misc:3155 imb:33 pmb:785 smb:7342 d:- ref:0 ;
in:1144 out:1145 type:b dur:2 cpbdur:2 q:30.06 aq:25.97 tex:5133 mv:7104 misc:3299 imb:34 pmb:835 smb:7291 d:- ref:0 ;
in:1149 out:1146 type:P dur:2 cpbdur:2 q:29.99 aq:23.05 tex:105343 mv:42988 misc:6453 imb:1934 pmb:3413 smb:2813 d:- ref:0 ;
in:1147 out:1147 type:B dur:2 cpbdur:2 q:30.02 aq:23.65 tex:22109 mv:21360 misc:7011 imb:252 pmb:2492 smb:5416 d:- ref:0 ;
in:1146 out:1148 type:b dur:2 cpbdur:2 q:30.04 aq:25.22 tex:7798 mv:9110 misc:4244 imb:59 pmb:1095 smb:7006 d:- ref:0 ;
in:1148 out:1149 type:b dur:2 cpbdur:2 q:30.00 aq:24.92 tex:6801 mv:9989 misc:4786 imb:78 pmb:1256 smb:6826 d:- ref:0 ;
in:1153 out:1150 type:P dur:2 cpbdur:2 q:29.95 aq:22.70 tex:142432 mv:51726 misc:5146 imb:2696 pmb:3877 smb:1587 d:- ref:0 ;
in:1151 out:1151 type:B dur:2 cpbdur:2 q:29.97 aq:24.38 tex:26645 mv:23992 misc:7315 imb:211 pmb:3013 smb:4936 d:- ref:0 ;
in:1150 out:1152 type:b dur:2 cpbdur:2 q:29.98 aq:24.68 tex:12223 mv:16523 misc:6206 imb:188 pmb:1934 smb:6038 d:- ref:0 ;
in:1152 out:1153 type:b dur:2 cpbdur:2 q:29.96 aq:26.26 tex:8705 mv:9069 misc:4026 imb:74 pmb:1119 smb:6967 d:- ref:0 ;
in:1157 out:1154 type:P dur:2 cpbdur:2 q:29.96 aq:25.56 tex:43946 mv:21703 misc:5375 imb:705 pmb:1787 smb:5668 d:- ref:0 ;
in:1155 out:1155 type:B dur:2 cpbdur:2 q:29.95 aq:24.64 tex:25546 mv:19866 misc:5972 imb:182 pmb:2244 smb:5734 d:- ref:0 ;
in:1154 out:1156 type:b dur:2 cpbdur:2 q:29.95 aq:25.66 tex:7206 mv:9707 misc:4071 imb:56 pmb:1131 smb:6973 d:- ref:0 ;
in:1156 out:1157 type:b dur:2 cpbdur:2 q:29.96 aq:27.10 tex:7014 mv:8892 misc:3958 imb:55 pmb:1093 smb:7012 d:- ref:0 ;
in:1161 out:1158 type:P dur:2 cpbdur:2 q:29.93 aq:22.89 tex:347193 mv:53743 misc:1056 imb:7047 pmb:1011 smb:102 d:- ref:0 ;
in:1159 out:1159 type:B dur:2 cpbdur:2 q:29.95 aq:24.60 tex:37345 mv:24973 misc:6794 imb:447 pmb:2409 smb:5304 d:- ref:0 ;
in:1158 out:1160 type:b dur:2 cpbdur:2 q:29.95 aq:25.91 tex:21594 mv:17982 misc:6344 imb:383 pmb:1774 smb:6003 d:- ref:0 ;
in:1160 out:1161 type:b dur:2 cpbdur:2 q:29.94 aq:26.85 tex:10576 mv:13124 misc:5044 imb:91 pmb:1482 smb:6587 d:- ref:0 ;
in:1165 out:1162 type:P dur:2 cpbdur:2 q:29.96 aq:23.52 tex:64304 mv:33764 misc:6540 imb:1103 pmb:2984 smb:4073 d:- ref:0 ;
in:1163 out:1163 type:B dur:2 cpbdur:2 q:29.95 aq:24.65 tex:17958 mv:20152 misc:6250 imb:149 pmb:2231 smb:5780 d:- ref:0 ;
in:1162 out:1164 type:b dur:2 cpbdur:2 q:29.94 aq:24.95 tex:7084 mv:11377 misc:5051 imb:57 pmb:1528 smb:6575 d:- ref:0 ;
in:1164 out:1165 type:b dur:2 cpbdur:2 q:29.95 aq:26.30 tex:9007 mv:11828 misc:4637 imb:99 pmb:1323 smb:6738 d:- ref:0 ;
in:1168 out:1166 type:P dur:2 cpbdur:2 q:30.00 aq:25.64 tex:26141 mv:22237 misc:6214 imb:638 pmb:1980 smb:5542 d:- ref:0 ;
in:1166 out:1167 type:B dur:2 cpbdur:2 q:29.98 aq:27.11 tex:10739 mv:12402 misc:4579 imb:67 pmb:1491 smb:6602 d:- ref:0 ;
in:1167 out:1168 type:b dur:2 cpbdur:2 q:29.99 aq:26.11 tex:8540 mv:9263 misc:4797 imb:56 pmb:1276 smb:6828 d:- ref:0 ;
in:1169 out:1169 type:I dur:2 cpbdur:2 q:27.13 aq:18.63 tex:359576 mv:142556 misc:740 imb:8160 pmb:0 smb:0 d:- ref:;
in:1173 out:1170 type:P dur:2 cpbdur:2 q:30.07 aq:23.22 tex:92057 mv:39842 misc:5813 imb:1990 pmb:2708 smb:3462 d:- ref:0 ;
in:1171 out:1171 type:B dur:2 cpbdur:2 q:30.07 aq:25.30 tex:21439 mv:24634 misc:6679 imb:336 pmb:2433 smb:5391 d:- ref:0 ;
in:1170 out:1172 type:b dur:2 cpbdur:2 q:30.07 aq:22.44 tex:1343 mv:1114 misc:3719 imb:10 pmb:941 smb:7209 d:- ref:0 ;
in:1172 out:1173 type:b dur:2 cpbdur:2 q:30.07 aq:25.18 tex:13210 mv:18607 misc:6079 imb:180 pmb:2048 smb:5932 d:- ref:0 ;
in:1177 out:1174 type:P dur:2 cpbdur:2 q:30.04 aq:23.16 tex:104291 mv:44854 misc:5503 imb:2286 pmb:2876 smb:2998 d:- ref:0 ;
in:1175 out:1175 type:B dur:2 cpbdur:2 q:30.06 aq:24.32 tex:37148 mv:29482 misc:6786 imb:428 pmb:2707 smb:5025 d:- ref:0 ;
in:1174 out:1176 type:b dur:2 cpbdur:2 q:30.07 aq:25.87 tex:16057 mv:19714 misc:5893 imb:266 pmb:2000 smb:5894 d:- ref:0 ;
in:1176 out:1177 type:b dur:2 cpbdur:2 q:30.05 aq:25.94 tex:13880 mv:15775 misc:5529 imb:209 pmb:1717 smb:6234 d:- ref:0 ;
in:1181 out:1178 type:P dur:2 cpbdur:2 q:30.06 aq:22.99 tex:107818 mv:44468 misc:5466 imb:2422 pmb:2843 smb:2895 d:- ref:0 ;
in:1179 out:1179 type:B dur:2 cpbdur:2 q:30.05 aq:23.84 tex:32697 mv:31398 misc:7009 imb:471 pmb:2923 smb:4766 d:- ref:0 ;
in:1178 out:1180 type:b dur:2 cpbdur:2 q:30.05 aq:24.99 tex:10197 mv:12800 misc:5403 imb:120 pmb:1642 smb:6398 d:- ref:0 ;
in:1180 out:1181 type:b dur:2 cpbdur:2 q:30.05 aq:25.67 tex:14246 mv:19058 misc:5896 imb:229 pmb:1948 smb:5983 d:- ref:0 ;
in:1185 out:1182 type:P dur:2 cpbdur:2 q:30.06 aq:23.36 tex:114931 mv:46761 misc:5540 imb:2354 pmb:3076 smb:2730 d:- ref:0 ;
in:1183 out:1183 type:B dur:2 cpbdur:2 q:30.06 aq:25.00 tex:30515 mv:33675 misc:7130 imb:393 pmb:3213 smb:4554 d:- ref:0 ;
in:1182 out:1184 type:b dur:2 cpbdur:2 q:30.06 aq:25.73 tex:13152 mv:17786 misc:5950 imb:158 pmb:1948 smb:6054 d:- ref:0 ;
in:1184 out:1185 type:b dur:2 cpbdur:2 q:30.06 aq:25.83 tex:12682 mv:19078 misc:6208 imb:160 pmb:2075 smb:5925 d:- ref:0 ;
in:1189 out:1186 type:P dur:2 cpbdur:2 q:30.07 aq:22.95 tex:123238 mv:48579 misc:5559 imb:2575 pmb:3130 smb:2455 d:- ref:0 ;
in:1187 out:1187 type:B dur:2 cpbdur:2 q:30.07 aq:24.54 tex:35559 mv:31140 misc:6549 imb:415 pmb:2846 smb:4899 d:- ref:0 ;
in:1186 out:1188 type:b dur:2 cpbdur:2 q:30.06 aq:25.38 tex:19858 mv:30395 misc:6923 imb:411 pmb:2913 smb:4836 d:- ref:0 ;
in:1188 out:1189 type:b dur:2 cpbdur:2 q:30.07 aq:25.73 tex:14756 mv:16022 misc:5294 imb:179 pmb:1757 smb:6224 d:- ref:0 ;
in:1193 out:1190 type:P dur:2 cpbdur:2 q:30.09 aq:23.07 tex:114116 mv:43300 misc:6056 imb:2062 pmb:2955 smb:3143 d:- ref:0 ;
in:1191 out:1191 type:B dur:2 cpbdur:2 q:30.08 aq:24.79 tex:34190 mv:28825 misc:6225 imb:397 pmb:2617 smb:5146 d:- ref:0 ;
in:1190 out:1192 type:b dur:2 cpbdur:2 q:30.08 aq:26.06 tex:14916 mv:21817 misc:6379 imb:236 pmb:2268 smb:5656 d:- ref:0 ;
in:1192 out:1193 type:b dur:2 cpbdur:2 q:30.09 aq:26.40 tex:15809 mv:18360 misc:5407 imb:222 pmb:1813 smb:6125 d:- ref:0 ;
in:1197 out:1194 type:P dur:2 cpbdur:2 q:30.11 aq:23.55 tex:100059 mv:41003 misc:5698 imb:2025 pmb:2688 smb:3447 d:- ref:0 ;
in:1195 out:1195 type:B dur:2 cpbdur:2 q:30.10 aq:25.27 tex:33136 mv:28460 misc:6412 imb:383 pmb:2573 smb:5204 d:- ref:0 ;
in:1194 out:1196 type:b dur:2 cpbdur:2 q:30.10 aq:25.65 tex:16752 mv:18668 misc:5564 imb:198 pmb:1995 smb:5967 d:- ref:0 ;
in:1196 out:1197 type:b dur:2 cpbdur:2 q:30.11 aq:26.59 tex:15481 mv:18289 misc:5990 imb:169 pmb:2004 smb:5987 d:- ref:0 ;
in:1201 out:1198 type:P dur:2 cpbdur:2 q:30.11 aq:23.18 tex:123250 mv:51971 misc:5019 imb:2835 pmb:3065 smb:2260 d:- ref:0 ;
in:1199 out:1199 type:B dur:2 cpbdur:2 q:30.11 aq:24.36 tex:41575 mv:35015 misc:7250 imb:494 pmb:3391 smb:4275 d:- ref:0 ;
in:1198 out:1200 type:b dur:2 cpbdur:2 q:30.11 aq:25.91 tex:21839 mv:25896 misc:6689 imb:322 pmb:2489 smb:5349 d:- ref:0 ;
in:1200 out:1201 type:b dur:2 cpbdur:2 q:30.11 aq:25.14 tex:12091 mv:15544 misc:5805 imb:172 pmb:1860 smb:6128 d:- ref:0 ;
in:1205 out:1202 type:P dur:2 cpbdur:2 q:30.13 aq:23.04 tex:117074 mv:47616 misc:5558 imb:2697 pmb:2961 smb:2502 d:- ref:0 ;
in:1203 out:1203 type:B dur:2 cpbdur:2 q:30.12 aq:24.69 tex:38184 mv:36612 misc:7108 imb:479 pmb:3124 smb:4557 d:- ref:0 ;
in:1202 out:1204 type:b dur:2 cpbdur:2 q:30.11 aq:25.89 tex:13547 mv:21011 misc:6458 imb:186 pmb:2226 smb:5748 d:- ref:0 ;
in:1204 out:1205 type:b dur:2 cpbdur:2 q:30.12 aq:26.27 tex:17415 mv:22119 misc:6146 imb:251 pmb:2117 smb:5792 d:- ref:0 ;
in:1209 out:1206 type:P dur:2 cpbdur:2 q:30.16 aq:23.11 tex:99845 mv:43350 misc:5789 imb:2620 pmb:2747 smb:2793 d:- ref:0 ;
in:1207 out:1207 type:B dur:2 cpbdur:2 q:30.14 aq:24.72 tex:30977 mv:29337 misc:6942 imb:465 pmb:2721 smb:4974 d:- ref:0 ;
in:1206 out:1208 type:b dur:2 cpbdur:2 q:30.13 aq:25.95 tex:13690 mv:20340 misc:6162 imb:233 pmb:2071 smb:5856 d:- ref:0 ;
in:1208 out:1209 type:b dur:2 cpbdur:2 q:30.15 aq:25.97 tex:15218 mv:20870 misc:6576 imb:242 pmb:2130 smb:5788 d:- ref:0 ;
in:1213 out:1210 type:P dur:2 cpbdur:2 q:30.17 aq:23.26 tex:115110 mv:51077 misc:4997 imb:3524 pmb:2745 smb:1891 d:- ref:0 ;
in:1211 out:1211 type:B dur:2 cpbdur:2 q:30.16 aq:25.04 tex:43789 mv:39188 misc:7039 imb:764 pmb:3045 smb:4351 d:- ref:0 ;
in:1210 out:1212 type:b dur:2 cpbdur:2 q:30.16 aq:25.53 tex:24367 mv:25536 misc:6705 imb:399 pmb:2315 smb:5446 d:- ref:0 ;
in:1212 out:1213 type:b dur:2 cpbdur:2 q:30.16 aq:25.91 tex:22142 mv:22992 misc:6258 imb:447 pmb:2023 smb:5690 d:- ref:0 ;
in:1217 out:1214 type:P dur:2 cpbdur:2 q:30.17 aq:23.17 tex:118378 mv:54498 misc:4572 imb:3733 pmb:2850 smb:1577 d:- ref:0 ;
in:1215 out:1215 type:B dur:2 cpbdur:2 q:30.17 aq:24.99 tex:44188 mv:37457 misc:7107 imb:714 pmb:3096 smb:4350 d:- ref:0 ;
in:1214 out:1216 type:b dur:2 cpbdur:2 q:30.17 aq:25.70 tex:19747 mv:23310 misc:6535 imb:339 pmb:2347 smb:5474 d:- ref:0 ;
in:1216 out:1217 type:b dur:2 cpbdur:2 q:30.17 aq:25.52 tex:22859 mv:26488 misc:6789 imb:463 pmb:2334 smb:5363 d:- ref:0 ;
in:1221 out:1218 type:P dur:2 cpbdur:2 q:30.20 aq:23.15 tex:92924 mv:48142 misc:5654 imb:3064 pmb:2756 smb:2340 d:- ref:0 ;
in:1219 out:1219 type:B dur:2 cpbdur:2 q:30.18 aq:24.70 tex:29301 mv:33396 misc:7183 imb:606 pmb:2818 smb:4736 d:- ref:0 ;
in:1218 out:1220 type:b dur:2 cpbdur:2 q:30.18 aq:25.47 tex:14344 mv:22488 misc:6672 imb:299 pmb:2263 smb:5598 d:- ref:0 ;
in:1220 out:1221 type:b dur:2 cpbdur:2 q:30.19 aq:25.33 tex:13621 mv:18437 misc:6190 imb:243 pmb:2004 smb:5913 d:- ref:0 ;
in:1225 out:1222 type:P dur:2 cpbdur:2 q:30.23 aq:23.13 tex:105522 mv:49527 misc:5191 imb:3046 pmb:2719 smb:2395 d:- ref:0 ;
in:1223 out:1223 type:B dur:2 cpbdur:2 q:30.22 aq:24.33 tex:30241 mv:30754 misc:6861 imb:483 pmb:2857 smb:4820 d:- ref:0 ;
in:1222 out:1224 type:b dur:2 cpbdur:2 q:30.21 aq:25.18 tex:23053 mv:33653 misc:7126 imb:568 pmb:2900 smb:4692 d:- ref:0 ;
in:1224 out:1225 type:b dur:2 cpbdur:2 q:30.23 aq:25.37 tex:10487 mv:15452 misc:5653 imb:152 pmb:1731 smb:6277 d:- ref:0 ;
in:1229 out:1226 type:P dur:2 cpbdur:2 q:30.25 aq:23.63 tex:99500 mv:48601 misc:5283 imb:2901 pmb:2690 smb:2569 d:- ref:0 ;
in:1227 out:1227 type:B dur:2 cpbdur:2 q:30.24 aq:23.94 tex:33180 mv:36051 misc:7169 imb:577 pmb:3161 smb:4422 d:- ref:0 ;
in:1226 out:1228 type:b dur:2 cpbdur:2 q:30.24 aq:25.38 tex:11542 mv:18561 misc:5913 imb:234 pmb:1916 smb:6010 d:- ref:0 ;
in:1228 out:1229 type:b dur:2 cpbdur:2 q:30.24 aq:25.18 tex:15978 mv:22686 misc:6640 imb:352 pmb:2288 smb:5520 d:- ref:0 ;
in:1233 out:1230 type:P dur:2 cpbdur:2 q:30.25 aq:23.26 tex:106544 mv:51944 misc:5008 imb:3502 pmb:2889 smb:1769 d:- ref:0 ;
in:1231 out:1231 type:B dur:2 cpbdur:2 q:30.25 aq:24.29 tex:36326 mv:35110 misc:7572 imb:585 pmb:3324 smb:4251 d:- ref:0 ;
in:1230 out:1232 type:b dur:2 cpbdur:2 q:30.25 aq:25.21 tex:19820 mv:26311 misc:7165 imb:369 pmb:2634 smb:5157 d:- ref:0 ;
in:1232 out:1233 type:b dur:2 cpbdur:2 q:30.25 aq:25.22 tex:14543 mv:19854 misc:6515 imb:242 pmb:2131 smb:5787 d:- ref:0 ;
in:1237 out:1234 type:P dur:2 cpbdur:2 q:30.26 aq:23.68 tex:100375 mv:49709 misc:5420 imb:3280 pmb:2733 smb:2147 d:- ref:0 ;
in:1235 out:1235 type:B dur:2 cpbdur:2 q:30.26 aq:24.32 tex:35796 mv:36538 misc:7154 imb:664 pmb:3137 smb:4359 d:- ref:0 ;
in:1234 out:1236 type:b dur:2 cpbdur:2 q:30.25 aq:25.60 tex:19817 mv:26681 misc:6822 imb:389 pmb:2512 smb:5259 d:- ref:0 ;
in:1236 out:1237 type:b dur:2 cpbdur:2 q:30.26 aq:25.13 tex:17092 mv:22891 misc:6993 imb:341 pmb:2381 smb:5438 d:- ref:0 ;
in:1241 out:1238 type:P dur:2 cpbdur:2 q:30.29 aq:23.44 tex:90238 mv:47610 misc:5096 imb:3334 pmb:2581 smb:2245 d:- ref:0 ;
in:1239 out:1239 type:B dur:2 cpbdur:2 q:30.28 aq:24.22 tex:35943 mv:36878 misc:7107 imb:715 pmb:3062 smb:4383 d:- ref:0 ;
in:1238 out:1240 type:b dur:2 cpbdur:2 q:30.27 aq:25.20 tex:16572 mv:23102 misc:6846 imb:383 pmb:2395 smb:5382 d:- ref:0 ;
in:1240 out:1241 type:b dur:2 cpbdur:2 q:30.28 aq:25.31 tex:15647 mv:21888 misc:6537 imb:357 pmb:2117 smb:5686 d:- ref:0 ;
in:1245 out:1242 type:P dur:2 cpbdur:2 q:30.30 aq:24.35 tex:77525 mv:44287 misc:5716 imb:3053 pmb:2384 smb:2723 d:- ref:0 ;
in:1243 out:1243 type:B dur:2 cpbdur:2 q:30.29 aq:24.34 tex:29597 mv:35461 misc:7318 imb:658 pmb:2997 smb:4505 d:- ref:0 ;
in:1242 out:1244 type:b dur:2 cpbdur:2 q:30.29 aq:25.19 tex:14578 mv:22871 misc:6799 imb:340 pmb:2275 smb:5545 d:- ref:0 ;
in:1244 out:1245 type:b dur:2 cpbdur:2 q:30.30 aq:25.42 tex:16553 mv:24764 misc:7099 imb:426 pmb:2450 smb:5284 d:- ref:0 ;
in:1247 out:1246 type:P dur:2 cpbdur:2 q:30.30 aq:23.74 tex:83806 mv:45900 misc:5342 imb:3483 pmb:2419 smb:2258 d:- ref:0 w:7,111,3,7,111,17,119,9 ;
in:1246 out:1247 type:b dur:2 cpbdur:2 q:30.30 aq:24.99 tex:42725 mv:40558 misc:7077 imb:1486 pmb:2415 smb:4259 d:- ref:0 ;
in:1250 out:1248 type:P dur:2 cpbdur:2 q:30.31 aq:23.07 tex:62775 mv:39292 misc:5981 imb:3461 pmb:1919 smb:2780 d:- ref:0 w:7,99,5,7,98,30,97,31 ;
in:1248 out:1249 type:B dur:2 cpbdur:2 q:30.30 aq:24.27 tex:46428 mv:38971 misc:7145 imb:1495 pmb:2356 smb:4309 d:- ref:0 ;
in:1249 out:1250 type:b dur:2 cpbdur:2 q:30.30 aq:24.80 tex:39105 mv:34023 misc:6736 imb:1338 pmb:2170 smb:4652 d:- ref:0 ;
in:1251 out:1251 type:P dur:2 cpbdur:2 q:30.31 aq:22.61 tex:34512 mv:29089 misc:7423 imb:2164 pmb:1812 smb:4184 d:- ref:0 w:7,115,3,7,115,13,112,16 ;
in:1252 out:1252 type:P dur:2 cpbdur:2 q:30.32 aq:22.32 tex:36062 mv:27279 misc:6739 imb:2535 pmb:1480 smb:4145 d:- ref:0 w:6,57,3,6,57,14,58,12 ;
in:1253 out:1253 type:P dur:2 cpbdur:2 q:30.34 aq:22.10 tex:34424 mv:26958 misc:6898 imb:2592 pmb:1502 smb:4066 d:- ref:0 w:7,113,2,5,28,16,29,12 ;
in:1254 out:1254 type:P dur:2 cpbdur:2 q:30.34 aq:21.12 tex:32376 mv:25775 misc:7073 imb:2852 pmb:1389 smb:3919 d:- ref:0 w:6,55,4,6,56,16,57,14 ;
in:1256 out:1255 type:P dur:2 cpbdur:2 q:30.36 aq:20.40 tex:29714 mv:23343 misc:6991 imb:2721 pmb:1051 smb:4388 d:- ref:0 w:7,85,8,7,85,43,88,40 ;
in:1255 out:1256 type:b dur:2 cpbdur:2 q:30.35 aq:22.36 tex:31719 mv:26729 misc:6840 imb:1434 pmb:1674 smb:5052 d:- ref:0 ;
in:1257 out:1257 type:P dur:2 cpbdur:2 q:30.36 aq:19.61 tex:18554 mv:18761 misc:6837 imb:2287 pmb:868 smb:5005 d:- ref:0 w:7,97,6,7,99,29,107,21 ;
in:1258 out:1258 type:P dur:2 cpbdur:2 q:30.35 aq:18.86 tex:20105 mv:17211 misc:6996 imb:2407 pmb:845 smb:4908 d:- ref:0 w:6,43,8,7,89,39,84,44 ;
in:1259 out:1259 type:P dur:2 cpbdur:2 q:30.34 aq:15.27 tex:30008 mv:21247 misc:6017 imb:4781 pmb:884 smb:2495 d:- ref:0 w:1,1,12,6,50,28,37,54 ;
in:1263 out:1260 type:P dur:2 cpbdur:2 q:30.33 aq:13.00 tex:0 mv:0 misc:472 imb:0 pmb:0 smb:8160 d:- ref:0 w:0,0,25,7,1,127,1,127 ;
in:1261 out:1261 type:B dur:2 cpbdur:2 q:30.34 aq:14.00 tex:9 mv:5 misc:426 imb:0 pmb:1 smb:8159 d:- ref:0 ;
in:1260 out:1262 type:b dur:2 cpbdur:2 q:30.34 aq:15.00 tex:8 mv:5 misc:403 imb:0 pmb:1 smb:8159 d:- ref:0 ;
in:1262 out:1263 type:b dur:2 cpbdur:2 q:30.34 aq:15.00 tex:0 mv:0 misc:400 imb:0 pmb:0 smb:8160 d:- ref:0 ;
in:1265 out:1264 type:P dur:2 cpbdur:2 q:30.29 aq:15.13 tex:33855 mv:1144 misc:553 imb:447 pmb:11 smb:7702 d:- ref:0 ;
in:1264 out:1265 type:b dur:2 cpbdur:2 q:30.31 aq:16.47 tex:1346 mv:310 misc:712 imb:11 pmb:122 smb:8027 d:- ref:0 ;
in:1269 out:1266 type:P dur:2 cpbdur:2 q:30.26 aq:15.83 tex:31138 mv:1705 misc:565 imb:356 pmb:111 smb:7693 d:- ref:0 w:4,41,-39 ;
in:1267 out:1267 type:B dur:2 cpbdur:2 q:30.27 aq:22.72 tex:2530 mv:914 misc:668 imb:20 pmb:81 smb:8059 d:- ref:0 ;
in:1266 out:1268 type:b dur:2 cpbdur:2 q:30.28 aq:15.89 tex:31 mv:55 misc:434 imb:2 pmb:9 smb:8149 d:- ref:0 ;
in:1268 out:1269 type:b dur:2 cpbdur:2 q:30.26 aq:15.43 tex:714 mv:868 misc:770 imb:25 pmb:126 smb:8009 d:- ref:0 ;
in:1272 out:1270 type:P dur:2 cpbdur:2 q:30.17 aq:18.70 tex:6187 mv:452 misc:673 imb:70 pmb:34 smb:8056 d:- ref:0 ;
in:1270 out:1271 type:B dur:2 cpbdur:2 q:30.23 aq:15.00 tex:16 mv:82 misc:502 imb:1 pmb:18 smb:8141 d:- ref:0 ;
in:1271 out:1272 type:b dur:2 cpbdur:2 q:30.20 aq:15.00 tex:11 mv:64 misc:445 imb:0 pmb:15 smb:8145 d:- ref:0 ;
in:1276 out:1273 type:P dur:2 cpbdur:2 q:30.09 aq:18.36 tex:22189 mv:1381 misc:766 imb:100 pmb:150 smb:7910 d:- ref:0 ;
in:1274 out:1274 type:B dur:2 cpbdur:2 q:30.13 aq:26.11 tex:298 mv:252 misc:634 imb:1 pmb:60 smb:8099 d:- ref:0 ;
in:1273 out:1275 type:b dur:2 cpbdur:2 q:30.15 aq:25.12 tex:737 mv:289 misc:590 imb:3 pmb:65 smb:8092 d:- ref:0 ;
in:1275 out:1276 type:b dur:2 cpbdur:2 q:30.11 aq:15.00 tex:12 mv:88 misc:476 imb:0 pmb:13 smb:8147 d:- ref:0 ;
in:1280 out:1277 type:P dur:2 cpbdur:2 q:29.99 aq:16.84 tex:10234 mv:894 misc:792 imb:90 pmb:94 smb:7976 d:- ref:0 ;
in:1278 out:1278 type:B dur:2 cpbdur:2 q:30.04 aq:25.46 tex:135 mv:167 misc:570 imb:2 pmb:40 smb:8118 d:- ref:0 ;
in:1277 out:1279 type:b dur:2 cpbdur:2 q:30.06 aq:15.00 tex:9 mv:36 misc:419 imb:0 pmb:7 smb:8153 d:- ref:0 ;
in:1279 out:1280 type:b dur:2 cpbdur:2 q:30.02 aq:23.10 tex:116 mv:107 misc:513 imb:3 pmb:25 smb:8132 d:- ref:0 ;
in:1284 out:1281 type:P dur:2 cpbdur:2 q:29.88 aq:17.05 tex:16795 mv:1097 misc:796 imb:87 pmb:123 smb:7950 d:- ref:0 ;
in:1282 out:1282 type:B dur:2 cpbdur:2 q:29.94 aq:23.39 tex:195 mv:226 misc:611 imb:6 pmb:51 smb:8103 d:- ref:0 ;
in:1281 out:1283 type:b dur:2 cpbdur:2 q:29.96 aq:16.16 tex:408 mv:141 misc:459 imb:2 pmb:26 smb:8132 d:- ref:0 ;
in:1283 out:1284 type:b dur:2 cpbdur:2 q:29.91 aq:15.00 tex:4 mv:18 misc:426 imb:0 pmb:3 smb:8157 d:- ref:0 ;
in:1288 out:1285 type:P dur:2 cpbdur:2 q:29.78 aq:18.95 tex:21309 mv:1119 misc:788 imb:110 pmb:138 smb:7912 d:- ref:0 ;
in:1286 out:1286 type:B dur:2 cpbdur:2 q:29.83 aq:24.45 tex:450 mv:468 misc:666 imb:5 pmb:76 smb:8079 d:- ref:0 ;
in:1285 out:1287 type:b dur:2 cpbdur:2 q:29.86 aq:25.48 tex:93 mv:202 misc:569 imb:1 pmb:56 smb:8103 d:- ref:0 ;
in:1287 out:1288 type:b dur:2 cpbdur:2 q:29.81 aq:23.86 tex:130 mv:243 misc:587 imb:6 pmb:44 smb:8110 d:- ref:0 ;
in:1289 out:1289 type:P dur:2 cpbdur:2 q:29.69 aq:12.97 tex:23005 mv:745 misc:674 imb:47 pmb:59 smb:8054 d:- ref:0 ;
in:1293 out:1290 type:P dur:2 cpbdur:2 q:29.67 aq:17.88 tex:13650 mv:1188 misc:810 imb:117 pmb:176 smb:7867 d:- ref:0 ;
in:1291 out:1291 type:B dur:2 cpbdur:2 q:29.68 aq:21.62 tex:214 mv:238 misc:692 imb:3 pmb:71 smb:8086 d:- ref:0 ;
in:1290 out:1292 type:b dur:2 cpbdur:2 q:29.68 aq:26.63 tex:92 mv:102 misc:542 imb:0 pmb:33 smb:8127 d:- ref:0 ;
in:1292 out:1293 type:b dur:2 cpbdur:2 q:29.67 aq:15.00 tex:12 mv:59 misc:465 imb:0 pmb:11 smb:8149 d:- ref:0 ;
in:1297 out:1294 type:P dur:2 cpbdur:2 q:29.57 aq:18.22 tex:7719 mv:662 misc:699 imb:44 pmb:101 smb:8015 d:- ref:0 ;
in:1295 out:1295 type:B dur:2 cpbdur:2 q:29.62 aq:24.76 tex:228 mv:230 misc:598 imb:3 pmb:54 smb:8103 d:- ref:0 ;
in:1294 out:1296 type:b dur:2 cpbdur:2 q:29.64 aq:15.00 tex:11 mv:53 misc:448 imb:2 pmb:6 smb:8152 d:- ref:0 ;
in:1296 out:1297 type:b dur:2 cpbdur:2 q:29.59 aq:15.00 tex:22 mv:117 misc:509 imb:3 pmb:23 smb:8134 d:- ref:0 ;
in:1301 out:1298 type:P dur:2 cpbdur:2 q:29.47 aq:19.49 tex:7437 mv:814 misc:717 imb:58 pmb:112 smb:7990 d:- ref:0 ;
in:1299 out:1299 type:B dur:2 cpbdur:2 q:29.52 aq:13.00 tex:31 mv:228 misc:621 imb:2 pmb:65 smb:8093 d:- ref:0 ;
in:1298 out:1300 type:b dur:2 cpbdur:2 q:29.54 aq:15.00 tex:24 mv:128 misc:504 imb:2 pmb:27 smb:8131 d:- ref:0 ;
in:1300 out:1301 type:b dur:2 cpbdur:2 q:29.49 aq:25.70 tex:53 mv:98 misc:489 imb:3 pmb:13 smb:8144 d:- ref:0 ;
in:1302 out:1302 type:P dur:2 cpbdur:2 q:29.36 aq:17.53 tex:999 mv:242 misc:639 imb:28 pmb:23 smb:8109 d:- ref:0 ;
in:1306 out:1303 type:P dur:2 cpbdur:2 q:29.34 aq:18.12 tex:9497 mv:906 misc:717 imb:74 pmb:117 smb:7969 d:- ref:0 ;
in:1304 out:1304 type:B dur:2 cpbdur:2 q:29.35 aq:25.08 tex:129 mv:353 misc:598 imb:2 pmb:60 smb:8098 d:- ref:0 ;
in:1303 out:1305 type:b dur:2 cpbdur:2 q:29.36 aq:14.00 tex:29 mv:273 misc:586 imb:3 pmb:59 smb:8098 d:- ref:0 ;
in:1305 out:1306 type:b dur:2 cpbdur:2 q:29.35 aq:26.21 tex:119 mv:54 misc:467 imb:0 pmb:13 smb:8147 d:- ref:0 ;
in:1310 out:1307 type:P dur:2 cpbdur:2 q:29.24 aq:18.10 tex:7219 mv:691 misc:714 imb:52 pmb:100 smb:8008 d:- ref:0 ;
in:1308 out:1308 type:B dur:2 cpbdur:2 q:29.29 aq:25.22 tex:147 mv:163 misc:562 imb:2 pmb:39 smb:8119 d:- ref:0 ;
in:1307 out:1309 type:b dur:2 cpbdur:2 q:29.31 aq:14.00 tex:11 mv:37 misc:432 imb:1 pmb:5 smb:8154 d:- ref:0 ;
in:1309 out:1310 type:b dur:2 cpbdur:2 q:29.27 aq:14.00 tex:11 mv:54 misc:463 imb:0 pmb:9 smb:8151 d:- ref:0 ;
in:1311 out:1311 type:P dur:2 cpbdur:2 q:29.13 aq:16.48 tex:10837 mv:1290 misc:913 imb:222 pmb:97 smb:7841 d:- ref:0 ;
in:1312 out:1312 type:P dur:2 cpbdur:2 q:29.11 aq:17.24 tex:8618 mv:636 misc:666 imb:141 pmb:37 smb:7982 d:- ref:0 ;
in:1316 out:1313 type:P dur:2 cpbdur:2 q:29.09 aq:17.22 tex:13770 mv:855 misc:815 imb:54 pmb:116 smb:7990 d:- ref:0 ;
in:1314 out:1314 type:B dur:2 cpbdur:2 q:29.10 aq:24.73 tex:327 mv:179 misc:574 imb:5 pmb:35 smb:8120 d:- ref:0 ;
in:1313 out:1315 type:b dur:2 cpbdur:2 q:29.11 aq:14.00 tex:16 mv:53 misc:459 imb:0 pmb:17 smb:8143 d:- ref:0 ;
in:1315 out:1316 type:b dur:2 cpbdur:2 q:29.10 aq:14.00 tex:10 mv:46 misc:456 imb:0 pmb:10 smb:8150 d:- ref:0 ;
in:1319 out:1317 type:P dur:2 cpbdur:2 q:28.99 aq:19.48 tex:8259 mv:782 misc:767 imb:75 pmb:102 smb:7983 d:- ref:0 ;
in:1317 out:1318 type:B dur:2 cpbdur:2 q:29.06 aq:22.93 tex:185 mv:215 misc:584 imb:9 pmb:43 smb:8108 d:- ref:0 ;
in:1318 out:1319 type:b dur:2 cpbdur:2 q:29.02 aq:24.97 tex:117 mv:78 misc:477 imb:2 pmb:16 smb:8142 d:- ref:0 ;
in:1320 out:1320 type:P dur:2 cpbdur:2 q:28.91 aq:16.42 tex:6291 mv:492 misc:737 imb:30 pmb:69 smb:8061 d:- ref:0 ;
in:1324 out:1321 type:P dur:2 cpbdur:2 q:28.89 aq:17.09 tex:15547 mv:1080 misc:757 imb:74 pmb:137 smb:7949 d:- ref:0 ;
in:1322 out:1322 type:B dur:2 cpbdur:2 q:28.90 aq:19.03 tex:430 mv:207 misc:611 imb:3 pmb:48 smb:8109 d:- ref:0 ;
in:1321 out:1323 type:b dur:2 cpbdur:2 q:28.91 aq:25.89 tex:212 mv:298 misc:570 imb:3 pmb:59 smb:8098 d:- ref:0 ;
in:1323 out:1324 type:b dur:2 cpbdur:2 q:28.89 aq:14.00 tex:8 mv:38 misc:442 imb:0 pmb:8 smb:8152 d:- ref:0 ;
in:1327 out:1325 type:P dur:2 cpbdur:2 q:28.79 aq:17.63 tex:11414 mv:793 misc:713 imb:83 pmb:106 smb:7971 d:- ref:0 ;
in:1325 out:1326 type:B dur:2 cpbdur:2 q:28.85 aq:13.00 tex:34 mv:209 misc:621 imb:3 pmb:55 smb:8102 d:- ref:0 ;
in:1326 out:1327 type:b dur:2 cpbdur:2 q:28.82 aq:24.67 tex:304 mv:221 misc:539 imb:4 pmb:40 smb:8116 d:- ref:0 ;
in:1328 out:1328 type:P dur:2 cpbdur:2 q:28.71 aq:16.56 tex:17924 mv:730 misc:818 imb:60 pmb:89 smb:8011 d:- ref:0 ;
in:1332 out:1329 type:P dur:2 cpbdur:2 q:28.69 aq:16.03 tex:25139 mv:1305 misc:780 imb:105 pmb:166 smb:7889 d:- ref:0 ;
in:1330 out:1330 type:B dur:2 cpbdur:2 q:28.70 aq:23.38 tex:362 mv:264 misc:654 imb:4 pmb:66 smb:8090 d:- ref:0 ;
in:1329 out:1331 type:b dur:2 cpbdur:2 q:28.71 aq:14.00 tex:23 mv:109 misc:516 imb:1 pmb:33 smb:8126 d:- ref:0 ;
in:1331 out:1332 type:b dur:2 cpbdur:2 q:28.70 aq:14.00 tex:14 mv:81 misc:529 imb:0 pmb:22 smb:8138 d:- ref:0 ;
in:1336 out:1333 type:P dur:2 cpbdur:2 q:28.59 aq:18.87 tex:8368 mv:637 misc:675 imb:30 pmb:101 smb:8029 d:- ref:0 ;
in:1334 out:1334 type:B dur:2 cpbdur:2 q:28.64 aq:24.14 tex:480 mv:214 misc:578 imb:4 pmb:38 smb:8118 d:- ref:0 ;
in:1333 out:1335 type:b dur:2 cpbdur:2 q:28.67 aq:14.00 tex:16 mv:122 misc:518 imb:1 pmb:23 smb:8136 d:- ref:0 ;
in:1335 out:1336 type:b dur:2 cpbdur:2 q:28.62 aq:25.16 tex:44 mv:76 misc:464 imb:3 pmb:11 smb:8146 d:- ref:0 ;
in:1340 out:1337 type:P dur:2 cpbdur:2 q:28.49 aq:17.76 tex:11016 mv:978 misc:758 imb:91 pmb:120 smb:7949 d:- ref:0 ;
in:1338 out:1338 type:B dur:2 cpbdur:2 q:28.54 aq:13.99 tex:471 mv:392 misc:593 imb:6 pmb:51 smb:8103 d:- ref:0 ;
in:1337 out:1339 type:b dur:2 cpbdur:2 q:28.57 aq:25.45 tex:344 mv:307 misc:597 imb:7 pmb:53 smb:8100 d:- ref:0 ;
in:1339 out:1340 type:b dur:2 cpbdur:2 q:28.51 aq:25.20 tex:101 mv:86 misc:477 imb:0 pmb:18 smb:8142 d:- ref:0 ;
in:1341 out:1341 type:P dur:2 cpbdur:2 q:28.38 aq:18.41 tex:15030 mv:1269 misc:933 imb:265 pmb:54 smb:7841 d:- ref:0 ;
in:1343 out:1342 type:P dur:2 cpbdur:2 q:28.36 aq:16.61 tex:57075 mv:3196 misc:801 imb:543 pmb:112 smb:7505 d:- ref:0 ;
in:1342 out:1343 type:b dur:2 cpbdur:2 q:28.37 aq:14.22 tex:15296 mv:3528 misc:728 imb:282 pmb:109 smb:7769 d:- ref:0 ;
in:1346 out:1344 type:P dur:2 cpbdur:2 q:28.32 aq:14.58 tex:104425 mv:3990 misc:929 imb:529 pmb:228 smb:7403 d:- ref:0 ;
in:1344 out:1345 type:B dur:2 cpbdur:2 q:28.35 aq:20.31 tex:14045 mv:2549 misc:846 imb:62 pmb:186 smb:7912 d:- ref:0 ;
in:1345 out:1346 type:b dur:2 cpbdur:2 q:28.33 aq:23.47 tex:12148 mv:2471 misc:653 imb:56 pmb:105 smb:7999 d:- ref:0 ;
in:1350 out:1347 type:P dur:2 cpbdur:2 q:28.28 aq:15.43 tex:47205 mv:3218 misc:1033 imb:392 pmb:294 smb:7474 d:- ref:0 ;
in:1348 out:1348 type:B dur:2 cpbdur:2 q:28.30 aq:22.69 tex:14906 mv:2842 misc:892 imb:114 pmb:179 smb:7867 d:- ref:0 ;
in:1347 out:1349 type:b dur:2 cpbdur:2 q:28.31 aq:24.48 tex:10336 mv:2346 misc:830 imb:94 pmb:141 smb:7925 d:- ref:0 ;
in:1349 out:1350 type:b dur:2 cpbdur:2 q:28.29 aq:24.83 tex:10100 mv:1919 misc:629 imb:31 pmb:108 smb:8021 d:- ref:0 ;
in:1354 out:1351 type:P dur:2 cpbdur:2 q:28.22 aq:15.90 tex:36039 mv:3090 misc:1023 imb:174 pmb:296 smb:7690 d:- ref:0 ;
in:1352 out:1352 type:B dur:2 cpbdur:2 q:28.25 aq:22.61 tex:12252 mv:2873 misc:907 imb:46 pmb:215 smb:7899 d:- ref:0 ;
in:1351 out:1353 type:b dur:2 cpbdur:2 q:28.26 aq:24.64 tex:8552 mv:1764 misc:676 imb:32 pmb:125 smb:8003 d:- ref:0 ;
in:1353 out:1354 type:b dur:2 cpbdur:2 q:28.23 aq:23.73 tex:6303 mv:1807 misc:850 imb:41 pmb:157 smb:7962 d:- ref:0 ;
in:1355 out:1355 type:P dur:2 cpbdur:2 q:28.14 aq:16.81 tex:14854 mv:1320 misc:922 imb:52 pmb:140 smb:7968 d:- ref:0 ;
in:1357 out:1356 type:P dur:2 cpbdur:2 q:28.12 aq:17.44 tex:26154 mv:2064 misc:1070 imb:108 pmb:240 smb:7812 d:- ref:0 ;
in:1356 out:1357 type:b dur:2 cpbdur:2 q:28.13 aq:24.00 tex:2606 mv:1073 misc:761 imb:15 pmb:118 smb:8027 d:- ref:0 ;
in:1358 out:1358 type:P dur:2 cpbdur:2 q:28.08 aq:11.45 tex:8303 mv:1264 misc:937 imb:126 pmb:85 smb:7949 d:- ref:0 ;
in:1360 out:1359 type:P dur:2 cpbdur:2 q:28.06 aq:16.27 tex:21561 mv:1675 misc:1012 imb:141 pmb:187 smb:7832 d:- ref:0 ;
in:1359 out:1360 type:b dur:2 cpbdur:2 q:28.07 aq:24.41 tex:1662 mv:635 misc:655 imb:13 pmb:84 smb:8063 d:- ref:0 ;
in:1362 out:1361 type:P dur:2 cpbdur:2 q:28.01 aq:16.10 tex:16450 mv:1670 misc:952 imb:159 pmb:162 smb:7839 d:- ref:0 ;
in:1361 out:1362 type:b dur:2 cpbdur:2 q:28.04 aq:23.20 tex:1026 mv:745 misc:669 imb:31 pmb:82 smb:8047 d:- ref:0 ;
in:1366 out:1363 type:P dur:2 cpbdur:2 q:27.97 aq:16.58 tex:29293 mv:2025 misc:1050 imb:160 pmb:266 smb:7734 d:- ref:0 ;
in:1364 out:1364 type:B dur:2 cpbdur:2 q:27.99 aq:22.73 tex:1742 mv:952 misc:866 imb:19 pmb:160 smb:7981 d:- ref:0 ;
in:1363 out:1365 type:b dur:2 cpbdur:2 q:28.00 aq:14.16 tex:733 mv:418 misc:641 imb:6 pmb:62 smb:8092 d:- ref:0 ;
in:1365 out:1366 type:b dur:2 cpbdur:2 q:27.98 aq:23.81 tex:415 mv:537 misc:720 imb:29 pmb:69 smb:8062 d:- ref:0 ;
in:1370 out:1367 type:P dur:2 cpbdur:2 q:27.87 aq:11.71 tex:18796 mv:1853 misc:1111 imb:188 pmb:223 smb:7749 d:- ref:0 ;
in:1368 out:1368 type:B dur:2 cpbdur:2 q:27.92 aq:22.45 tex:360 mv:632 misc:840 imb:13 pmb:140 smb:8007 d:- ref:0 ;
in:1367 out:1369 type:b dur:2 cpbdur:2 q:27.94 aq:25.48 tex:192 mv:357 misc:587 imb:23 pmb:46 smb:8091 d:- ref:0 ;
in:1369 out:1370 type:b dur:2 cpbdur:2 q:27.90 aq:15.57 tex:67 mv:136 misc:557 imb:3 pmb:46 smb:8111 d:- ref:0 ;
in:1374 out:1371 type:P dur:2 cpbdur:2 q:27.77 aq:16.77 tex:21561 mv:1779 misc:980 imb:110 pmb:250 smb:7800 d:- ref:0 ;
in:1372 out:1372 type:B dur:2 cpbdur:2 q:27.82 aq:22.27 tex:1479 mv:931 misc:966 imb:22 pmb:203 smb:7935 d:- ref:0 ;
in:1371 out:1373 type:b dur:2 cpbdur:2 q:27.85 aq:23.83 tex:145 mv:239 misc:712 imb:2 pmb:105 smb:8053 d:- ref:0 ;
in:1373 out:1374 type:b dur:2 cpbdur:2 q:27.80 aq:23.93 tex:250 mv:474 misc:660 imb:36 pmb:54 smb:8070 d:- ref:0 ;
in:1378 out:1375 type:P dur:2 cpbdur:2 q:27.67 aq:16.11 tex:26829 mv:2227 misc:1032 imb:319 pmb:259 smb:7582 d:- ref:0 ;
in:1376 out:1376 type:B dur:2 cpbdur:2 q:27.72 aq:21.97 tex:1922 mv:872 misc:934 imb:22 pmb:177 smb:7961 d:- ref:0 ;
in:1375 out:1377 type:b dur:2 cpbdur:2 q:27.75 aq:17.25 tex:298 mv:279 misc:671 imb:12 pmb:59 smb:8089 d:- ref:0 ;
in:1377 out:1378 type:b dur:2 cpbdur:2 q:27.70 aq:24.46 tex:398 mv:583 misc:763 imb:39 pmb:80 smb:8041 d:- ref:0 ;
in:1382 out:1379 type:P dur:2 cpbdur:2 q:27.57 aq:16.04 tex:18392 mv:1525 misc:1019 imb:127 pmb:234 smb:7799 d:- ref:0 ;
in:1380 out:1380 type:B dur:2 cpbdur:2 q:27.62 aq:21.72 tex:898 mv:421 misc:809 imb:9 pmb:121 smb:8030 d:- ref:0 ;
in:1379 out:1381 type:b dur:2 cpbdur:2 q:27.65 aq:24.38 tex:97 mv:177 misc:582 imb:5 pmb:39 smb:8116 d:- ref:0 ;
in:1381 out:1382 type:b dur:2 cpbdur:2 q:27.60 aq:23.05 tex:123 mv:147 misc:602 imb:5 pmb:53 smb:8102 d:- ref:0 ;
in:1386 out:1383 type:P dur:2 cpbdur:2 q:27.47 aq:17.06 tex:23662 mv:1761 misc:1033 imb:165 pmb:261 smb:7734 d:- ref:0 ;
in:1384 out:1384 type:B dur:2 cpbdur:2 q:27.52 aq:21.61 tex:1769 mv:628 misc:883 imb:10 pmb:191 smb:7959 d:- ref:0 ;
in:1383 out:1385 type:b dur:2 cpbdur:2 q:27.55 aq:13.24 tex:191 mv:205 misc:620 imb:3 pmb:60 smb:8097 d:- ref:0 ;
in:1385 out:1386 type:b dur:2 cpbdur:2 q:27.50 aq:23.74 tex:607 mv:526 misc:675 imb:32 pmb:70 smb:8058 d:- ref:0 ;
in:1390 out:1387 type:P dur:2 cpbdur:2 q:27.37 aq:16.42 tex:17558 mv:2023 misc:1099 imb:296 pmb:212 smb:7652 d:- ref:0 ;
in:1388 out:1388 type:B dur:2 cpbdur:2 q:27.42 aq:21.93 tex:1184 mv:970 misc:926 imb:32 pmb:183 smb:7945 d:- ref:0 ;
in:1387 out:1389 type:b dur:2 cpbdur:2 q:27.44 aq:14.63 tex:100 mv:489 misc:779 imb:6 pmb:152 smb:8002 d:- ref:0 ;
in:1389 out:1390 type:b dur:2 cpbdur:2 q:27.39 aq:13.87 tex:249 mv:257 misc:718 imb:7 pmb:100 smb:8053 d:- ref:0 ;
in:1394 out:1391 type:P dur:2 cpbdur:2 q:27.27 aq:13.61 tex:21444 mv:1688 misc:1052 imb:135 pmb:233 smb:7792 d:- ref:0 ;
in:1392 out:1392 type:B dur:2 cpbdur:2 q:27.32 aq:21.40 tex:1095 mv:552 misc:865 imb:13 pmb:155 smb:7992 d:- ref:0 ;
in:1391 out:1393 type:b dur:2 cpbdur:2 q:27.34 aq:22.90 tex:461 mv:440 misc:723 imb:9 pmb:82 smb:8069 d:- ref:0 ;
in:1393 out:1394 type:b dur:2 cpbdur:2 q:27.29 aq:22.39 tex:408 mv:313 misc:615 imb:15 pmb:46 smb:8099 d:- ref:0 ;
in:1395 out:1395 type:P dur:2 cpbdur:2 q:27.16 aq:13.81 tex:7673 mv:819 misc:892 imb:72 pmb:94 smb:7994 d:- ref:0 ;
in:1399 out:1396 type:P dur:2 cpbdur:2 q:27.13 aq:19.48 tex:19251 mv:1974 misc:1055 imb:195 pmb:264 smb:7701 d:- ref:0 ;
in:1397 out:1397 type:B dur:2 cpbdur:2 q:27.14 aq:21.18 tex:1736 mv:1288 misc:1000 imb:47 pmb:230 smb:7883 d:- ref:0 ;
in:1396 out:1398 type:b dur:2 cpbdur:2 q:27.15 aq:22.27 tex:580 mv:409 misc:763 imb:13 pmb:118 smb:8029 d:- ref:0 ;
in:1398 out:1399 type:b dur:2 cpbdur:2 q:27.14 aq:22.27 tex:580 mv:641 misc:827 imb:36 pmb:126 smb:7998 d:- ref:0 ;
in:1402 out:1400 type:P dur:2 cpbdur:2 q:27.03 aq:16.91 tex:16123 mv:2300 misc:1121 imb:310 pmb:167 smb:7683 d:- ref:0 ;
in:1400 out:1401 type:B dur:2 cpbdur:2 q:27.09 aq:23.05 tex:669 mv:371 misc:848 imb:6 pmb:146 smb:8008 d:- ref:0 ;
in:1401 out:1402 type:b dur:2 cpbdur:2 q:27.06 aq:22.50 tex:613 mv:478 misc:829 imb:6 pmb:137 smb:8017 d:- ref:0 ;
in:1403 out:1403 type:P dur:2 cpbdur:2 q:26.95 aq:12.59 tex:15322 mv:1420 misc:810 imb:146 pmb:90 smb:7924 d:- ref:0 ;
in:1405 out:1404 type:P dur:2 cpbdur:2 q:26.92 aq:18.08 tex:18784 mv:1868 misc:1156 imb:174 pmb:219 smb:7767 d:- ref:0 ;
in:1404 out:1405 type:b dur:2 cpbdur:2 q:26.94 aq:14.63 tex:1070 mv:773 misc:949 imb:10 pmb:201 smb:7949 d:- ref:0 ;
in:1406 out:1406 type:P dur:2 cpbdur:2 q:26.88 aq:10.10 tex:9268 mv:4113 misc:995 imb:7583 pmb:216 smb:361 d:- ref:0 w:7,123,1,6,61,5,64,0 ;
in:1407 out:1407 type:P dur:2 cpbdur:2 q:26.85 aq:17.04 tex:12749 mv:1823 misc:1172 imb:404 pmb:190 smb:7566 d:- ref:0 w:5,27,4,6,56,16,53,22 ;
in:1410 out:1408 type:P dur:2 cpbdur:2 q:26.83 aq:17.35 tex:38580 mv:3233 misc:931 imb:699 pmb:255 smb:7206 d:- ref:0 w:5,15,13,7,52,76,49,79 ;
in:1408 out:1409 type:B dur:2 cpbdur:2 q:26.84 aq:20.33 tex:2831 mv:712 misc:777 imb:52 pmb:86 smb:8022 d:- ref:0 ;
in:1409 out:1410 type:b dur:2 cpbdur:2 q:26.83 aq:12.35 tex:2462 mv:2509 misc:1109 imb:360 pmb:139 smb:7661 d:- ref:0 ;
in:1411 out:1411 type:I dur:2 cpbdur:2 q:24.39 aq:7.87 tex:44661 mv:12468 misc:519 imb:8160 pmb:0 smb:0 d:- ref:;
in:1414 out:1412 type:P dur:2 cpbdur:2 q:26.78 aq:17.09 tex:51276 mv:4776 misc:916 imb:842 pmb:128 smb:7190 d:- ref:0 w:3,9,-3 ;
in:1412 out:1413 type:B dur:2 cpbdur:2 q:26.78 aq:11.00 tex:185 mv:1877 misc:1242 imb:249 pmb:248 smb:7663 d:- ref:0 ;
in:1413 out:1414 type:b dur:2 cpbdur:2 q:26.78 aq:12.00 tex:32 mv:143 misc:857 imb:0 pmb:145 smb:8015 d:- ref:0 ;
in:1415 out:1415 type:P dur:2 cpbdur:2 q:26.72 aq:12.21 tex:35240 mv:4029 misc:811 imb:494 pmb:81 smb:7585 d:- ref:0 ;
in:1416 out:1416 type:P dur:2 cpbdur:2 q:26.70 aq:13.54 tex:46271 mv:4313 misc:776 imb:476 pmb:124 smb:7560 d:- ref:0 ;
in:1417 out:1417 type:P dur:2 cpbdur:2 q:26.65 aq:17.60 tex:47161 mv:4098 misc:837 imb:429 pmb:136 smb:7595 d:- ref:0 ;
in:1418 out:1418 type:P dur:2 cpbdur:2 q:26.64 aq:17.71 tex:54474 mv:4092 misc:802 imb:446 pmb:148 smb:7566 d:- ref:0 ;
in:1419 out:1419 type:P dur:2 cpbdur:2 q:26.62 aq:12.12 tex:53713 mv:4040 misc:815 imb:448 pmb:144 smb:7568 d:- ref:0 ;
in:1420 out:1420 type:P dur:2 cpbdur:2 q:26.59 aq:11.47 tex:49536 mv:4200 misc:864 imb:406 pmb:172 smb:7582 d:- ref:0 ;
in:1422 out:1421 type:P dur:2 cpbdur:2 q:26.58 aq:18.75 tex:31977 mv:3277 misc:914 imb:285 pmb:155 smb:7720 d:- ref:0 ;
in:1421 out:1422 type:b dur:2 cpbdur:2 q:26.59 aq:23.41 tex:20131 mv:3670 misc:847 imb:118 pmb:180 smb:7862 d:- ref:0 ;
in:1423 out:1423 type:P dur:2 cpbdur:2 q:26.55 aq:12.29 tex:29596 mv:3299 misc:849 imb:269 pmb:107 smb:7784 d:- ref:0 ;
in:1424 out:1424 type:P dur:2 cpbdur:2 q:26.55 aq:11.63 tex:21222 mv:2956 misc:806 imb:261 pmb:97 smb:7802 d:- ref:0 ;
in:1425 out:1425 type:P dur:2 cpbdur:2 q:26.54 aq:19.73 tex:42633 mv:3759 misc:904 imb:305 pmb:145 smb:7710 d:- ref:0 ;
in:1427 out:1426 type:P dur:2 cpbdur:2 q:26.54 aq:19.35 tex:34385 mv:3511 misc:920 imb:291 pmb:144 smb:7725 d:- ref:0 ;
in:1426 out:1427 type:b dur:2 cpbdur:2 q:26.54 aq:14.60 tex:10524 mv:3188 misc:928 imb:87 pmb:199 smb:7874 d:- ref:0 ;
in:1428 out:1428 type:P dur:2 cpbdur:2 q:26.50 aq:10.38 tex:29415 mv:3697 misc:1040 imb:255 pmb:206 smb:7699 d:- ref:0 ;
in:1429 out:1429 type:P dur:2 cpbdur:2 q:26.49 aq:22.10 tex:23300 mv:2901 misc:919 imb:207 pmb:125 smb:7828 d:- ref:0 ;
in:1430 out:1430 type:P dur:2 cpbdur:2 q:26.47 aq:11.04 tex:18958 mv:2079 misc:851 imb:127 pmb:120 smb:7913 d:- ref:0 ;
in:1431 out:1431 type:P dur:2 cpbdur:2 q:26.45 aq:7.78 tex:21067 mv:2513 misc:1036 imb:134 pmb:197 smb:7829 d:- ref:0 ;
in:1432 out:1432 type:P dur:2 cpbdur:2 q:26.43 aq:20.15 tex:14407 mv:1785 misc:976 imb:117 pmb:139 smb:7904 d:- ref:0 ;
in:1433 out:1433 type:P dur:2 cpbdur:2 q:26.41 aq:11.51 tex:24413 mv:2050 misc:1113 imb:202 pmb:135 smb:7823 d:- ref:0 ;
in:1434 out:1434 type:P dur:2 cpbdur:2 q:26.40 aq:10.92 tex:23785 mv:2912 misc:1231 imb:306 pmb:195 smb:7659 d:- ref:0 ;
in:1436 out:1435 type:P dur:2 cpbdur:2 q:26.38 aq:8.47 tex:24860 mv:2260 misc:1072 imb:289 pmb:142 smb:7729 d:- ref:0 ;
in:1435 out:1436 type:b dur:2 cpbdur:2 q:26.39 aq:19.62 tex:1714 mv:997 misc:825 imb:19 pmb:149 smb:7992 d:- ref:0 ;
in:1440 out:1437 type:P dur:2 cpbdur:2 q:26.34 aq:7.64 tex:26129 mv:2790 misc:1041 imb:198 pmb:196 smb:7766 d:- ref:0 ;
in:1438 out:1438 type:B dur:2 cpbdur:2 q:26.36 aq:13.67 tex:831 mv:1053 misc:908 imb:16 pmb:141 smb:8003 d:- ref:0 ;
in:1437 out:1439 type:b dur:2 cpbdur:2 q:26.37 aq:11.16 tex:258 mv:566 misc:696 imb:10 pmb:95 smb:8055 d:- ref:0 ;
in:1439 out:1440 type:b dur:2 cpbdur:2 q:26.35 aq:13.58 tex:718 mv:657 misc:745 imb:8 pmb:100 smb:8052 d:- ref:0 ;
in:1442 out:1441 type:P dur:2 cpbdur:2 q:26.24 aq:14.46 tex:27238 mv:1598 misc:996 imb:130 pmb:150 smb:7880 d:- ref:0 ;
in:1441 out:1442 type:b dur:2 cpbdur:2 q:26.29 aq:12.50 tex:245 mv:351 misc:692 imb:4 pmb:86 smb:8070 d:- ref:0 ;
in:1446 out:1443 type:P dur:2 cpbdur:2 q:26.19 aq:14.58 tex:48316 mv:2667 misc:1105 imb:163 pmb:243 smb:7754 d:- ref:0 ;
in:1444 out:1444 type:B dur:2 cpbdur:2 q:26.22 aq:18.29 tex:585 mv:802 misc:933 imb:12 pmb:147 smb:8001 d:- ref:0 ;
in:1443 out:1445 type:b dur:2 cpbdur:2 q:26.23 aq:23.03 tex:1340 mv:333 misc:623 imb:4 pmb:80 smb:8076 d:- ref:0 ;
in:1445 out:1446 type:b dur:2 cpbdur:2 q:26.20 aq:12.40 tex:354 mv:217 misc:613 imb:2 pmb:42 smb:8116 d:- ref:0 ;
in:1450 out:1447 type:P dur:2 cpbdur:2 q:26.10 aq:14.61 tex:19321 mv:1547 misc:1108 imb:98 pmb:214 smb:7848 d:- ref:0 ;
in:1448 out:1448 type:B dur:2 cpbdur:2 q:26.15 aq:15.98 tex:80 mv:336 misc:920 imb:2 pmb:145 smb:8013 d:- ref:0 ;
in:1447 out:1449 type:b dur:2 cpbdur:2 q:26.17 aq:11.00 tex:39 mv:158 misc:811 imb:1 pmb:114 smb:8045 d:- ref:0 ;
in:1449 out:1450 type:b dur:2 cpbdur:2 q:26.13 aq:11.00 tex:16 mv:80 misc:496 imb:0 pmb:13 smb:8147 d:- ref:0 ;
in:1454 out:1451 type:P dur:2 cpbdur:2 q:25.99 aq:10.05 tex:12514 mv:1068 misc:1090 imb:44 pmb:161 smb:7955 d:- ref:0 ;
in:1452 out:1452 type:B dur:2 cpbdur:2 q:26.05 aq:11.64 tex:636 mv:243 misc:681 imb:8 pmb:60 smb:8092 d:- ref:0 ;
in:1451 out:1453 type:b dur:2 cpbdur:2 q:26.08 aq:21.00 tex:166 mv:113 misc:513 imb:1 pmb:17 smb:8142 d:- ref:0 ;
in:1453 out:1454 type:b dur:2 cpbdur:2 q:26.02 aq:11.15 tex:147 mv:53 misc:448 imb:3 pmb:4 smb:8153 d:- ref:0 ;
in:1458 out:1455 type:P dur:2 cpbdur:2 q:25.87 aq:15.11 tex:25676 mv:2123 misc:1073 imb:119 pmb:229 smb:7812 d:- ref:0 ;
in:1456 out:1456 type:B dur:2 cpbdur:2 q:25.93 aq:12.18 tex:698 mv:720 misc:790 imb:9 pmb:96 smb:8055 d:- ref:0 ;
in:1455 out:1457 type:b dur:2 cpbdur:2 q:25.96 aq:11.26 tex:339 mv:215 misc:686 imb:5 pmb:65 smb:8090 d:- ref:0 ;
in:1457 out:1458 type:b dur:2 cpbdur:2 q:25.90 aq:21.98 tex:207 mv:89 misc:472 imb:4 pmb:9 smb:8147 d:- ref:0 ;
in:1462 out:1459 type:P dur:2 cpbdur:2 q:25.76 aq:16.75 tex:22764 mv:1806 misc:1110 imb:107 pmb:206 smb:7847 d:- ref:0 ;
in:1460 out:1460 type:B dur:2 cpbdur:2 q:25.81 aq:17.05 tex:503 mv:400 misc:817 imb:5 pmb:100 smb:8055 d:- ref:0 ;
in:1459 out:1461 type:b dur:2 cpbdur:2 q:25.84 aq:12.31 tex:98 mv:141 misc:505 imb:2 pmb:26 smb:8132 d:- ref:0 ;
in:1461 out:1462 type:b dur:2 cpbdur:2 q:25.78 aq:12.88 tex:238 mv:308 misc:662 imb:0 pmb:60 smb:8100 d:- ref:0 ;
in:1466 out:1463 type:P dur:2 cpbdur:2 q:25.65 aq:9.63 tex:29006 mv:1802 misc:1024 imb:134 pmb:216 smb:7810 d:- ref:0 ;
in:1464 out:1464 type:B dur:2 cpbdur:2 q:25.70 aq:16.71 tex:119 mv:302 misc:963 imb:2 pmb:157 smb:8001 d:- ref:0 ;
in:1463 out:1465 type:b dur:2 cpbdur:2 q:25.73 aq:20.70 tex:149 mv:345 misc:786 imb:2 pmb:118 smb:8040 d:- ref:0 ;
in:1465 out:1466 type:b dur:2 cpbdur:2 q:25.68 aq:11.98 tex:1000 mv:357 misc:595 imb:21 pmb:34 smb:8105 d:- ref:0 ;
in:1470 out:1467 type:P dur:2 cpbdur:2 q:25.54 aq:15.76 tex:26235 mv:1882 misc:1075 imb:121 pmb:201 smb:7838 d:- ref:0 ;
in:1468 out:1468 type:B dur:2 cpbdur:2 q:25.60 aq:17.78 tex:298 mv:476 misc:794 imb:9 pmb:108 smb:8043 d:- ref:0 ;
in:1467 out:1469 type:b dur:2 cpbdur:2 q:25.62 aq:14.85 tex:327 mv:215 misc:610 imb:2 pmb:45 smb:8113 d:- ref:0 ;
in:1469 out:1470 type:b dur:2 cpbdur:2 q:25.57 aq:20.06 tex:138 mv:73 misc:501 imb:0 pmb:23 smb:8137 d:- ref:0 ;
in:1473 out:1471 type:P dur:2 cpbdur:2 q:25.43 aq:15.85 tex:20046 mv:1623 misc:987 imb:148 pmb:160 smb:7852 d:- ref:0 ;
in:1471 out:1472 type:B dur:2 cpbdur:2 q:25.51 aq:19.40 tex:100 mv:258 misc:770 imb:4 pmb:99 smb:8057 d:- ref:0 ;
in:1472 out:1473 type:b dur:2 cpbdur:2 q:25.47 aq:10.00 tex:28 mv:133 misc:543 imb:3 pmb:30 smb:8127 d:- ref:0 ;
in:1474 out:1474 type:P dur:2 cpbdur:2 q:25.34 aq:9.72 tex:35003 mv:1925 misc:1176 imb:111 pmb:219 smb:7830 d:- ref:0 ;
in:1478 out:1475 type:P dur:2 cpbdur:2 q:25.33 aq:11.63 tex:27810 mv:1353 misc:1029 imb:63 pmb:166 smb:7931 d:- ref:0 ;
in:1476 out:1476 type:B dur:2 cpbdur:2 q:25.33 aq:14.98 tex:273 mv:300 misc:723 imb:4 pmb:67 smb:8089 d:- ref:0 ;
in:1475 out:1477 type:b dur:2 cpbdur:2 q:25.34 aq:10.67 tex:50 mv:90 misc:508 imb:1 pmb:24 smb:8135 d:- ref:0 ;
in:1477 out:1478 type:b dur:2 cpbdur:2 q:25.33 aq:10.99 tex:193 mv:153 misc:574 imb:5 pmb:30 smb:8125 d:- ref:0 ;
in:1482 out:1479 type:P dur:2 cpbdur:2 q:25.22 aq:8.84 tex:22184 mv:1865 misc:1079 imb:101 pmb:231 smb:7828 d:- ref:0 ;
in:1480 out:1480 type:B dur:2 cpbdur:2 q:25.27 aq:20.56 tex:459 mv:525 misc:944 imb:3 pmb:160 smb:7997 d:- ref:0 ;
in:1479 out:1481 type:b dur:2 cpbdur:2 q:25.30 aq:21.28 tex:170 mv:373 misc:809 imb:2 pmb:125 smb:8033 d:- ref:0 ;
in:1481 out:1482 type:b dur:2 cpbdur:2 q:25.25 aq:20.96 tex:213 mv:148 misc:543 imb:2 pmb:28 smb:8130 d:- ref:0 ;
in:1486 out:1483 type:P dur:2 cpbdur:2 q:25.11 aq:17.53 tex:19430 mv:1868 misc:1038 imb:119 pmb:199 smb:7842 d:- ref:0 ;
in:1484 out:1484 type:B dur:2 cpbdur:2 q:25.17 aq:18.79 tex:1333 mv:828 misc:911 imb:16 pmb:148 smb:7996 d:- ref:0 ;
in:1483 out:1485 type:b dur:2 cpbdur:2 q:25.19 aq:12.23 tex:181 mv:189 misc:702 imb:3 pmb:74 smb:8083 d:- ref:0 ;
in:1485 out:1486 type:b dur:2 cpbdur:2 q:25.14 aq:15.85 tex:68 mv:213 misc:607 imb:4 pmb:36 smb:8120 d:- ref:0 ;
in:1490 out:1487 type:P dur:2 cpbdur:2 q:24.99 aq:17.00 tex:10347 mv:1147 misc:850 imb:53 pmb:118 smb:7989 d:- ref:0 ;
in:1488 out:1488 type:B dur:2 cpbdur:2 q:25.05 aq:15.63 tex:192 mv:136 misc:736 imb:0 pmb:86 smb:8074 d:- ref:0 ;
in:1487 out:1489 type:b dur:2 cpbdur:2 q:25.08 aq:10.00 tex:39 mv:182 misc:667 imb:3 pmb:59 smb:8098 d:- ref:0 ;
in:1489 out:1490 type:b dur:2 cpbdur:2 q:25.02 aq:10.00 tex:7 mv:26 misc:431 imb:0 pmb:3 smb:8157 d:- ref:0 ;
in:1494 out:1491 type:P dur:2 cpbdur:2 q:24.87 aq:13.19 tex:11251 mv:1558 misc:1015 imb:63 pmb:184 smb:7913 d:- ref:0 ;
in:1492 out:1492 type:B dur:2 cpbdur:2 q:24.93 aq:19.81 tex:774 mv:647 misc:755 imb:6 pmb:96 smb:8058 d:- ref:0 ;
in:1491 out:1493 type:b dur:2 cpbdur:2 q:24.96 aq:20.84 tex:199 mv:207 misc:562 imb:0 pmb:39 smb:8121 d:- ref:0 ;
in:1493 out:1494 type:b dur:2 cpbdur:2 q:24.90 aq:20.07 tex:193 mv:152 misc:599 imb:2 pmb:37 smb:8121 d:- ref:0 ;
in:1498 out:1495 type:P dur:2 cpbdur:2 q:24.75 aq:19.31 tex:9088 mv:1999 misc:1073 imb:115 pmb:188 smb:7857 d:- ref:0 ;
in:1496 out:1496 type:B dur:2 cpbdur:2 q:24.81 aq:19.48 tex:1644 mv:1035 misc:993 imb:16 pmb:177 smb:7967 d:- ref:0 ;
in:1495 out:1497 type:b dur:2 cpbdur:2 q:24.84 aq:19.70 tex:178 mv:355 misc:747 imb:5 pmb:87 smb:8068 d:- ref:0 ;
in:1497 out:1498 type:b dur:2 cpbdur:2 q:24.78 aq:11.86 tex:488 mv:621 misc:827 imb:12 pmb:110 smb:8038 d:- ref:0 ;
in:1500 out:1499 type:P dur:2 cpbdur:2 q:24.62 aq:8.04 tex:1106 mv:1965 misc:417 imb:8092 pmb:68 smb:0 d:- ref:0 w:0,0,25,7,0,127,1,127 ;
in:1499 out:1500 type:b dur:2 cpbdur:2 q:24.68 aq:18.60 tex:1184 mv:709 misc:995 imb:13 pmb:203 smb:7944 d:- ref:0 ;
in:1501 out:1501 type:P dur:2 cpbdur:2 q:24.55 aq:10.01 tex:4631 mv:4426 misc:727 imb:5588 pmb:9 smb:2563 d:- ref:0 ;
in:1502 out:1502 type:P dur:2 cpbdur:2 q:24.53 aq:10.78 tex:38405 mv:10773 misc:2246 imb:6666 pmb:194 smb:1300 d:- ref:0 w:5,59,-20 ;
in:1503 out:1503 type:P dur:2 cpbdur:2 q:24.51 aq:13.75 tex:89598 mv:18911 misc:3547 imb:5016 pmb:601 smb:2543 d:- ref:0 ;
in:1504 out:1504 type:I dur:2 cpbdur:2 q:22.21 aq:10.51 tex:183194 mv:73256 misc:734 imb:8160 pmb:0 smb:0 d:- ref:;
in:1508 out:1505 type:P dur:2 cpbdur:2 q:24.56 aq:14.92 tex:319704 mv:37413 misc:1755 imb:5816 pmb:2044 smb:300 d:- ref:0 w:4,45,-43,0,1,0,2,-128 ;
in:1506 out:1506 type:B dur:2 cpbdur:2 q:24.56 aq:15.69 tex:72424 mv:33443 misc:6797 imb:2071 pmb:3365 smb:2724 d:- ref:0 ;
in:1505 out:1507 type:b dur:2 cpbdur:2 q:24.56 aq:14.85 tex:21206 mv:11132 misc:5750 imb:884 pmb:1122 smb:6154 d:- ref:0 ;
in:1507 out:1508 type:b dur:2 cpbdur:2 q:24.56 aq:16.86 tex:36362 mv:19922 misc:7380 imb:886 pmb:2434 smb:4840 d:- ref:0 ;
in:1512 out:1509 type:P dur:2 cpbdur:2 q:24.59 aq:15.70 tex:278947 mv:42408 misc:2605 imb:3610 pmb:4079 smb:471 d:- ref:0 w:4,25,-13,5,32,0,53,-84 ;
in:1510 out:1510 type:B dur:2 cpbdur:2 q:24.58 aq:16.57 tex:57347 mv:29574 misc:7631 imb:1250 pmb:3362 smb:3548 d:- ref:0 ;
in:1509 out:1511 type:b dur:2 cpbdur:2 q:24.57 aq:17.31 tex:38610 mv:25004 misc:7802 imb:822 pmb:3187 smb:4151 d:- ref:0 ;
in:1511 out:1512 type:b dur:2 cpbdur:2 q:24.59 aq:17.06 tex:19401 mv:11976 misc:6423 imb:340 pmb:1787 smb:6033 d:- ref:0 ;
in:1516 out:1513 type:P dur:2 cpbdur:2 q:24.76 aq:16.18 tex:283965 mv:42321 misc:3050 imb:2895 pmb:4700 smb:565 d:- ref:0 w:6,87,-8,6,64,0,81,-34 ;
in:1514 out:1514 type:B dur:2 cpbdur:2 q:24.68 aq:17.16 tex:52858 mv:26728 misc:7894 imb:802 pmb:3536 smb:3822 d:- ref:0 ;
in:1513 out:1515 type:b dur:2 cpbdur:2 q:24.64 aq:17.58 tex:35781 mv:21845 misc:7710 imb:763 pmb:2873 smb:4524 d:- ref:0 ;
in:1515 out:1516 type:b dur:2 cpbdur:2 q:24.72 aq:17.63 tex:15252 mv:8991 misc:5901 imb:214 pmb:1501 smb:6445 d:- ref:0 ;
in:1520 out:1517 type:P dur:2 cpbdur:2 q:24.91 aq:15.06 tex:384071 mv:49794 misc:1599 imb:2734 pmb:5234 smb:192 d:- ref:0 w:6,79,-5,6,64,0,79,-30 ;
in:1518 out:1518 type:B dur:2 cpbdur:2 q:24.83 aq:17.00 tex:35706 mv:22038 misc:7296 imb:529 pmb:2890 smb:4741 d:- ref:0 ;
in:1517 out:1519 type:b dur:2 cpbdur:2 q:24.80 aq:17.98 tex:24992 mv:15846 misc:7226 imb:388 pmb:2392 smb:5380 d:- ref:0 ;
in:1519 out:1520 type:b dur:2 cpbdur:2 q:24.87 aq:17.78 tex:15189 mv:8068 misc:5831 imb:216 pmb:1493 smb:6451 d:- ref:0 ;
in:1524 out:1521 type:P dur:2 cpbdur:2 q:25.06 aq:15.57 tex:254350 mv:34439 misc:5979 imb:939 pmb:5074 smb:2147 d:- ref:0 ;
in:1522 out:1522 type:B dur:2 cpbdur:2 q:24.98 aq:17.12 tex:9111 mv:5818 misc:4599 imb:33 pmb:1109 smb:7018 d:- ref:0 ;
in:1521 out:1523 type:b dur:2 cpbdur:2 q:24.94 aq:17.70 tex:7342 mv:1742 misc:2244 imb:32 pmb:348 smb:7780 d:- ref:0 ;
in:1523 out:1524 type:b dur:2 cpbdur:2 q:25.02 aq:18.51 tex:33395 mv:6501 misc:1984 imb:228 pmb:582 smb:7350 d:- ref:0 ;
in:1528 out:1525 type:P dur:2 cpbdur:2 q:25.12 aq:15.70 tex:327654 mv:32171 misc:6463 imb:897 pmb:4750 smb:2513 d:- ref:0 ;
in:1526 out:1526 type:B dur:2 cpbdur:2 q:25.09 aq:18.47 tex:29676 mv:5267 misc:3897 imb:79 pmb:933 smb:7148 d:- ref:0 ;
in:1525 out:1527 type:b dur:2 cpbdur:2 q:25.07 aq:18.67 tex:7358 mv:1784 misc:1802 imb:58 pmb:271 smb:7831 d:- ref:0 ;
in:1527 out:1528 type:b dur:2 cpbdur:2 q:25.10 aq:19.69 tex:5882 mv:1759 misc:1959 imb:32 pmb:342 smb:7786 d:- ref:0 ;
in:1532 out:1529 type:P dur:2 cpbdur:2 q:25.22 aq:15.70 tex:207761 mv:28629 misc:6834 imb:536 pmb:4672 smb:2952 d:- ref:0 ;
in:1530 out:1530 type:B dur:2 cpbdur:2 q:25.17 aq:17.77 tex:12875 mv:3343 misc:3158 imb:49 pmb:688 smb:7423 d:- ref:0 ;
in:1529 out:1531 type:b dur:2 cpbdur:2 q:25.14 aq:18.26 tex:4821 mv:1513 misc:1978 imb:27 pmb:388 smb:7745 d:- ref:0 ;
in:1531 out:1532 type:b dur:2 cpbdur:2 q:25.19 aq:18.45 tex:4432 mv:1011 misc:1509 imb:16 pmb:237 smb:7907 d:- ref:0 ;
in:1536 out:1533 type:P dur:2 cpbdur:2 q:25.18 aq:15.64 tex:163278 mv:28876 misc:6790 imb:506 pmb:4736 smb:2918 d:- ref:0 ;
in:1534 out:1534 type:B dur:2 cpbdur:2 q:25.20 aq:17.75 tex:11303 mv:4800 misc:3945 imb:48 pmb:902 smb:7210 d:- ref:0 ;
in:1533 out:1535 type:b dur:2 cpbdur:2 q:25.21 aq:18.09 tex:3288 mv:1364 misc:1892 imb:13 pmb:312 smb:7835 d:- ref:0 ;
in:1535 out:1536 type:b dur:2 cpbdur:2 q:25.19 aq:18.58 tex:1870 mv:1139 misc:1671 imb:9 pmb:302 smb:7849 d:- ref:0 ;
in:1540 out:1537 type:P dur:2 cpbdur:2 q:25.12 aq:15.31 tex:161134 mv:29962 misc:6784 imb:616 pmb:4836 smb:2708 d:- ref:0 ;
in:1538 out:1538 type:B dur:2 cpbdur:2 q:25.15 aq:18.29 tex:17138 mv:4530 misc:3620 imb:156 pmb:757 smb:7247 d:- ref:0 ;
in:1537 out:1539 type:b dur:2 cpbdur:2 q:25.17 aq:19.40 tex:1886 mv:1156 misc:1750 imb:19 pmb:301 smb:7840 d:- ref:0 ;
in:1539 out:1540 type:b dur:2 cpbdur:2 q:25.14 aq:18.16 tex:7228 mv:2256 misc:1876 imb:41 pmb:347 smb:7772 d:- ref:0 ;
in:1544 out:1541 type:P dur:2 cpbdur:2 q:25.10 aq:15.42 tex:149935 mv:28514 misc:7135 imb:454 pmb:4687 smb:3019 d:- ref:0 ;
in:1542 out:1542 type:B dur:2 cpbdur:2 q:25.11 aq:18.09 tex:5489 mv:2658 misc:3093 imb:31 pmb:603 smb:7526 d:- ref:0 ;
in:1541 out:1543 type:b dur:2 cpbdur:2 q:25.12 aq:18.76 tex:1906 mv:985 misc:1725 imb:20 pmb:258 smb:7882 d:- ref:0 ;
in:1543 out:1544 type:b dur:2 cpbdur:2 q:25.11 aq:18.61 tex:5046 mv:1213 misc:1717 imb:23 pmb:270 smb:7867 d:- ref:0 ;
in:1548 out:1545 type:P dur:2 cpbdur:2 q:25.08 aq:15.38 tex:169615 mv:29855 misc:6986 imb:535 pmb:4808 smb:2817 d:- ref:0 ;
in:1546 out:1546 type:B dur:2 cpbdur:2 q:25.09 aq:17.82 tex:6373 mv:3639 misc:3924 imb:32 pmb:886 smb:7242 d:- ref:0 ;
in:1545 out:1547 type:b dur:2 cpbdur:2 q:25.10 aq:19.22 tex:1665 mv:1117 misc:1938 imb:7 pmb:376 smb:7777 d:- ref:0 ;
in:1547 out:1548 type:b dur:2 cpbdur:2 q:25.08 aq:18.56 tex:1431 mv:1011 misc:1742 imb:8 pmb:286 smb:7866 d:- ref:0 ;
in:1552 out:1549 type:P dur:2 cpbdur:2 q:25.05 aq:15.49 tex:178914 mv:30137 misc:6925 imb:467 pmb:4824 smb:2869 d:- ref:0 ;
in:1550 out:1550 type:B dur:2 cpbdur:2 q:25.06 aq:17.72 tex:7042 mv:3671 misc:3991 imb:34 pmb:854 smb:7272 d:- ref:0 ;
in:1549 out:1551 type:b dur:2 cpbdur:2 q:25.07 aq:19.30 tex:2983 mv:1005 misc:1756 imb:11 pmb:310 smb:7839 d:- ref:0 ;
in:1551 out:1552 type:b dur:2 cpbdur:2 q:25.05 aq:18.78 tex:2284 mv:1019 misc:1753 imb:10 pmb:268 smb:7882 d:- ref:0 ;
in:1556 out:1553 type:P dur:2 cpbdur:2 q:25.02 aq:15.35 tex:137223 mv:29143 misc:7106 imb:429 pmb:4774 smb:2957 d:- ref:0 ;
in:1554 out:1554 type:B dur:2 cpbdur:2 q:25.03 aq:17.71 tex:4659 mv:2367 misc:3150 imb:31 pmb:607 smb:7522 d:- ref:0 ;
in:1553 out:1555 type:b dur:2 cpbdur:2 q:25.04 aq:17.84 tex:1222 mv:799 misc:1587 imb:10 pmb:224 smb:7926 d:- ref:0 ;
in:1555 out:1556 type:b dur:2 cpbdur:2 q:25.02 aq:18.43 tex:1741 mv:892 misc:1647 imb:7 pmb:248 smb:7905 d:- ref:0 ;
in:1560 out:1557 type:P dur:2 cpbdur:2 q:24.97 aq:15.22 tex:135607 mv:29789 misc:7036 imb:495 pmb:4776 smb:2889 d:- ref:0 ;
in:1558 out:1558 type:B dur:2 cpbdur:2 q:24.99 aq:18.15 tex:5437 mv:3337 misc:3802 imb:32 pmb:789 smb:7339 d:- ref:0 ;
in:1557 out:1559 type:b dur:2 cpbdur:2 q:25.01 aq:18.10 tex:1859 mv:873 misc:1836 imb:9 pmb:279 smb:7872 d:- ref:0 ;
in:1559 out:1560 type:b dur:2 cpbdur:2 q:24.98 aq:18.77 tex:1796 mv:803 misc:1657 imb:8 pmb:253 smb:7899 d:- ref:0 ;
in:1564 out:1561 type:P dur:2 cpbdur:2 q:24.93 aq:15.22 tex:150854 mv:29870 misc:6852 imb:523 pmb:4823 smb:2814 d:- ref:0 ;
in:1562 out:1562 type:B dur:2 cpbdur:2 q:24.95 aq:18.09 tex:6671 mv:3613 misc:3948 imb:33 pmb:824 smb:7303 d:- ref:0 ;
in:1561 out:1563 type:b dur:2 cpbdur:2 q:24.96 aq:18.87 tex:1975 mv:1045 misc:1852 imb:10 pmb:310 smb:7840 d:- ref:0 ;
in:1563 out:1564 type:b dur:2 cpbdur:2 q:24.94 aq:19.25 tex:1809 mv:904 misc:1783 imb:11 pmb:269 smb:7880 d:- ref:0 ;
in:1568 out:1565 type:P dur:2 cpbdur:2 q:24.88 aq:15.17 tex:143557 mv:29703 misc:6916 imb:527 pmb:4834 smb:2799 d:- ref:0 ;
in:1566 out:1566 type:B dur:2 cpbdur:2 q:24.90 aq:18.16 tex:5380 mv:2647 misc:3461 imb:26 pmb:676 smb:7458 d:- ref:0 ;
in:1565 out:1567 type:b dur:2 cpbdur:2 q:24.92 aq:17.26 tex:1147 mv:691 misc:1498 imb:7 pmb:191 smb:7962 d:- ref:0 ;
in:1567 out:1568 type:b dur:2 cpbdur:2 q:24.89 aq:18.18 tex:1620 mv:990 misc:1806 imb:11 pmb:295 smb:7854 d:- ref:0 ;
in:1572 out:1569 type:P dur:2 cpbdur:2 q:24.84 aq:15.08 tex:163517 mv:30249 misc:6770 imb:600 pmb:4776 smb:2784 d:- ref:0 ;
in:1570 out:1570 type:B dur:2 cpbdur:2 q:24.86 aq:17.76 tex:16958 mv:5491 misc:4119 imb:151 pmb:908 smb:7101 d:- ref:0 ;
in:1569 out:1571 type:b dur:2 cpbdur:2 q:24.87 aq:18.50 tex:24631 mv:2327 misc:1914 imb:20 pmb:408 smb:7732 d:- ref:0 ;
in:1571 out:1572 type:b dur:2 cpbdur:2 q:24.85 aq:19.00 tex:10290 mv:2034 misc:1780 imb:21 pmb:329 smb:7810 d:- ref:0 ;
in:1576 out:1573 type:P dur:2 cpbdur:2 q:24.82 aq:15.20 tex:177677 mv:31105 misc:6754 imb:521 pmb:4994 smb:2645 d:- ref:0 ;
in:1574 out:1574 type:B dur:2 cpbdur:2 q:24.83 aq:17.80 tex:7027 mv:3928 misc:3973 imb:44 pmb:836 smb:7280 d:- ref:0 ;
in:1573 out:1575 type:b dur:2 cpbdur:2 q:24.84 aq:18.61 tex:2036 mv:1050 misc:1890 imb:13 pmb:282 smb:7865 d:- ref:0 ;
in:1575 out:1576 type:b dur:2 cpbdur:2 q:24.83 aq:19.14 tex:12321 mv:1938 misc:2069 imb:34 pmb:400 smb:7726 d:- ref:0 ;
in:1580 out:1577 type:P dur:2 cpbdur:2 q:24.82 aq:15.33 tex:143176 mv:29301 misc:6971 imb:421 pmb:4829 smb:2910 d:- ref:0 ;
in:1578 out:1578 type:B dur:2 cpbdur:2 q:24.82 aq:17.77 tex:5856 mv:2860 misc:3436 imb:31 pmb:687 smb:7442 d:- ref:0 ;
in:1577 out:1579 type:b dur:2 cpbdur:2 q:24.82 aq:19.13 tex:2052 mv:904 misc:1852 imb:13 pmb:291 smb:7856 d:- ref:0 ;
in:1579 out:1580 type:b dur:2 cpbdur:2 q:24.82 aq:19.15 tex:1556 mv:884 misc:1728 imb:7 pmb:253 smb:7900 d:- ref:0 ;
in:1584 out:1581 type:P dur:2 cpbdur:2 q:24.77 aq:15.26 tex:145417 mv:30368 misc:6807 imb:532 pmb:4799 smb:2829 d:- ref:0 ;
in:1582 out:1582 type:B dur:2 cpbdur:2 q:24.80 aq:17.45 tex:6820 mv:3599 misc:4125 imb:20 pmb:894 smb:7246 d:- ref:0 ;
in:1581 out:1583 type:b dur:2 cpbdur:2 q:24.81 aq:19.16 tex:2116 mv:970 misc:1874 imb:9 pmb:300 smb:7851 d:- ref:0 ;
in:1583 out:1584 type:b dur:2 cpbdur:2 q:24.79 aq:18.18 tex:1497 mv:874 misc:1765 imb:4 pmb:269 smb:7887 d:- ref:0 ;
in:1588 out:1585 type:P dur:2 cpbdur:2 q:24.73 aq:15.44 tex:172006 mv:29984 misc:6874 imb:487 pmb:4875 smb:2798 d:- ref:0 ;
in:1586 out:1586 type:B dur:2 cpbdur:2 q:24.75 aq:18.06 tex:9072 mv:4159 misc:4201 imb:33 pmb:963 smb:7164 d:- ref:0 ;
in:1585 out:1587 type:b dur:2 cpbdur:2 q:24.76 aq:18.97 tex:3866 mv:1049 misc:1909 imb:6 pmb:329 smb:7825 d:- ref:0 ;
in:1587 out:1588 type:b dur:2 cpbdur:2 q:24.74 aq:18.58 tex:1906 mv:875 misc:1963 imb:9 pmb:336 smb:7815 d:- ref:0 ;
in:1592 out:1589 type:P dur:2 cpbdur:2 q:24.71 aq:15.42 tex:148023 mv:28590 misc:6955 imb:593 pmb:4608 smb:2959 d:- ref:0 ;
in:1590 out:1590 type:B dur:2 cpbdur:2 q:24.72 aq:18.00 tex:11834 mv:3580 misc:3770 imb:48 pmb:788 smb:7324 d:- ref:0 ;
in:1589 out:1591 type:b dur:2 cpbdur:2 q:24.73 aq:19.77 tex:7120 mv:1239 misc:1761 imb:21 pmb:265 smb:7874 d:- ref:0 ;
in:1591 out:1592 type:b dur:2 cpbdur:2 q:24.72 aq:18.22 tex:16267 mv:2460 misc:2041 imb:101 pmb:385 smb:7674 d:- ref:0 ;
in:1593 out:1593 type:P dur:2 cpbdur:2 q:24.68 aq:15.07 tex:93820 mv:17982 misc:7534 imb:312 pmb:3402 smb:4446 d:- ref:0 ;
in:1597 out:1594 type:P dur:2 cpbdur:2 q:24.66 aq:15.17 tex:186842 mv:31159 misc:6791 imb:516 pmb:4949 smb:2695 d:- ref:0 ;
in:1595 out:1595 type:B dur:2 cpbdur:2 q:24.67 aq:17.77 tex:7972 mv:3613 misc:3967 imb:29 pmb:891 smb:7240 d:- ref:0 ;
in:1594 out:1596 type:b dur:2 cpbdur:2 q:24.68 aq:18.99 tex:4911 mv:1209 misc:1896 imb:14 pmb:347 smb:7799 d:- ref:0 ;
in:1596 out:1597 type:b dur:2 cpbdur:2 q:24.67 aq:18.97 tex:2133 mv:1331 misc:2152 imb:10 pmb:372 smb:7778 d:- ref:0 ;
in:1598 out:1598 type:P dur:2 cpbdur:2 q:24.68 aq:14.79 tex:89224 mv:12469 misc:7419 imb:224 pmb:2690 smb:5246 d:- ref:0 ;
in:1602 out:1599 type:P dur:2 cpbdur:2 q:24.70 aq:14.95 tex:180030 mv:30807 misc:6843 imb:555 pmb:4922 smb:2683 d:- ref:0 ;
in:1600 out:1600 type:B dur:2 cpbdur:2 q:24.69 aq:17.94 tex:6636 mv:3231 misc:3885 imb:29 pmb:838 smb:7293 d:- ref:0 ;
in:1599 out:1601 type:b dur:2 cpbdur:2 q:24.68 aq:19.24 tex:3147 mv:1345 misc:2124 imb:13 pmb:421 smb:7726 d:- ref:0 ;
in:1601 out:1602 type:b dur:2 cpbdur:2 q:24.69 aq:18.55 tex:1732 mv:885 misc:1799 imb:11 pmb:278 smb:7871 d:- ref:0 ;
in:1606 out:1603 type:P dur:2 cpbdur:2 q:24.68 aq:14.88 tex:174911 mv:31084 misc:6677 imb:507 pmb:5005 smb:2648 d:- ref:0 ;
in:1604 out:1604 type:B dur:2 cpbdur:2 q:24.69 aq:17.78 tex:7962 mv:4219 misc:3851 imb:29 pmb:884 smb:7247 d:- ref:0 ;
in:1603 out:1605 type:b dur:2 cpbdur:2 q:24.69 aq:18.73 tex:2447 mv:1347 misc:1838 imb:10 pmb:366 smb:7784 d:- ref:0 ;
in:1605 out:1606 type:b dur:2 cpbdur:2 q:24.68 aq:19.02 tex:1733 mv:1216 misc:2003 imb:12 pmb:365 smb:7783 d:- ref:0 ;
in:1610 out:1607 type:P dur:2 cpbdur:2 q:24.67 aq:15.02 tex:141474 mv:29403 misc:7027 imb:458 pmb:4824 smb:2878 d:- ref:0 ;
in:1608 out:1608 type:B dur:2 cpbdur:2 q:24.68 aq:18.14 tex:5685 mv:2338 misc:3289 imb:24 pmb:618 smb:7518 d:- ref:0 ;
in:1607 out:1609 type:b dur:2 cpbdur:2 q:24.68 aq:19.51 tex:2186 mv:817 misc:1645 imb:7 pmb:259 smb:7894 d:- ref:0 ;
in:1609 out:1610 type:b dur:2 cpbdur:2 q:24.67 aq:19.40 tex:1714 mv:849 misc:1789 imb:11 pmb:261 smb:7888 d:- ref:0 ;
in:1614 out:1611 type:P dur:2 cpbdur:2 q:24.61 aq:15.07 tex:143538 mv:29926 misc:6784 imb:436 pmb:4890 smb:2834 d:- ref:0 ;
in:1612 out:1612 type:B dur:2 cpbdur:2 q:24.64 aq:17.77 tex:6138 mv:3275 misc:3939 imb:19 pmb:812 smb:7329 d:- ref:0 ;
in:1611 out:1613 type:b dur:2 cpbdur:2 q:24.66 aq:17.99 tex:1631 mv:890 misc:1743 imb:10 pmb:252 smb:7898 d:- ref:0 ;
in:1613 out:1614 type:b dur:2 cpbdur:2 q:24.63 aq:18.67 tex:1789 mv:930 misc:1777 imb:5 pmb:287 smb:7868 d:- ref:0 ;
in:1618 out:1615 type:P dur:2 cpbdur:2 q:24.59 aq:15.04 tex:157168 mv:30156 misc:6820 imb:467 pmb:4959 smb:2734 d:- ref:0 ;
in:1616 out:1616 type:B dur:2 cpbdur:2 q:24.60 aq:17.93 tex:9289 mv:3636 misc:3955 imb:34 pmb:882 smb:7244 d:- ref:0 ;
in:1615 out:1617 type:b dur:2 cpbdur:2 q:24.61 aq:17.79 tex:1535 mv:747 misc:1750 imb:5 pmb:260 smb:7895 d:- ref:0 ;
in:1617 out:1618 type:b dur:2 cpbdur:2 q:24.60 aq:19.03 tex:2095 mv:1047 misc:2018 imb:10 pmb:355 smb:7795 d:- ref:0 ;
in:1622 out:1619 type:P dur:2 cpbdur:2 q:24.56 aq:14.96 tex:153190 mv:29372 misc:6998 imb:489 pmb:4811 smb:2860 d:- ref:0 ;
in:1620 out:1620 type:B dur:2 cpbdur:2 q:24.58 aq:18.23 tex:5586 mv:2840 misc:3494 imb:24 pmb:708 smb:7428 d:- ref:0 ;
in:1619 out:1621 type:b dur:2 cpbdur:2 q:24.59 aq:18.08 tex:1665 mv:780 misc:1659 imb:7 pmb:239 smb:7914 d:- ref:0 ;
in:1621 out:1622 type:b dur:2 cpbdur:2 q:24.57 aq:19.00 tex:2432 mv:1181 misc:2091 imb:7 pmb:368 smb:7785 d:- ref:0 ;
in:1626 out:1623 type:P dur:2 cpbdur:2 q:24.52 aq:15.22 tex:242684 mv:31234 misc:6562 imb:802 pmb:4763 smb:2595 d:- ref:0 ;
in:1624 out:1624 type:B dur:2 cpbdur:2 q:24.54 aq:18.12 tex:26893 mv:5762 misc:4393 imb:167 pmb:1053 smb:6940 d:- ref:0 ;
in:1623 out:1625 type:b dur:2 cpbdur:2 q:24.55 aq:18.77 tex:4613 mv:1574 misc:2237 imb:25 pmb:496 smb:7639 d:- ref:0 ;
in:1625 out:1626 type:b dur:2 cpbdur:2 q:24.53 aq:19.04 tex:12453 mv:3047 misc:2228 imb:82 pmb:438 smb:7640 d:- ref:0 ;
in:1628 out:1627 type:P dur:2 cpbdur:2 q:24.53 aq:15.05 tex:177517 mv:23308 misc:7439 imb:357 pmb:4154 smb:3649 d:- ref:0 ;
in:1627 out:1628 type:b dur:2 cpbdur:2 q:24.53 aq:19.32 tex:3562 mv:1002 misc:1748 imb:11 pmb:287 smb:7862 d:- ref:0 ;
in:1632 out:1629 type:P dur:2 cpbdur:2 q:24.56 aq:15.05 tex:197413 mv:31897 misc:6538 imb:522 pmb:5175 smb:2463 d:- ref:0 ;
in:1630 out:1630 type:B dur:2 cpbdur:2 q:24.54 aq:18.00 tex:12201 mv:4405 misc:4186 imb:52 pmb:944 smb:7164 d:- ref:0 ;
in:1629 out:1631 type:b dur:2 cpbdur:2 q:24.54 aq:19.66 tex:4566 mv:1639 misc:2307 imb:30 pmb:431 smb:7699 d:- ref:0 ;
in:1631 out:1632 type:b dur:2 cpbdur:2 q:24.55 aq:19.04 tex:1974 mv:1098 misc:1936 imb:12 pmb:322 smb:7826 d:- ref:0 ;
in:1636 out:1633 type:P dur:2 cpbdur:2 q:24.55 aq:14.93 tex:169429 mv:30314 misc:6857 imb:539 pmb:4960 smb:2661 d:- ref:0 ;
in:1634 out:1634 type:B dur:2 cpbdur:2 q:24.56 aq:17.93 tex:10988 mv:4278 misc:4318 imb:41 pmb:989 smb:7130 d:- ref:0 ;
in:1633 out:1635 type:b dur:2 cpbdur:2 q:24.56 aq:18.98 tex:2431 mv:1568 misc:2345 imb:19 pmb:485 smb:7656 d:- ref:0 ;
in:1635 out:1636 type:b dur:2 cpbdur:2 q:24.56 aq:18.32 tex:2932 mv:1270 misc:2062 imb:15 pmb:341 smb:7804 d:- ref:0 ;
in:1640 out:1637 type:P dur:2 cpbdur:2 q:24.54 aq:15.11 tex:204102 mv:30863 misc:6819 imb:532 pmb:4997 smb:2631 d:- ref:0 ;
in:1638 out:1638 type:B dur:2 cpbdur:2 q:24.55 aq:18.52 tex:12087 mv:3752 misc:3841 imb:76 pmb:857 smb:7227 d:- ref:0 ;
in:1637 out:1639 type:b dur:2 cpbdur:2 q:24.55 aq:19.24 tex:2294 mv:1169 misc:2129 imb:12 pmb:367 smb:7781 d:- ref:0 ;
in:1639 out:1640 type:b dur:2 cpbdur:2 q:24.55 aq:19.23 tex:12136 mv:1963 misc:2045 imb:20 pmb:386 smb:7754 d:- ref:0 ;
in:1644 out:1641 type:P dur:2 cpbdur:2 q:24.54 aq:15.12 tex:171144 mv:30126 misc:6762 imb:455 pmb:5054 smb:2651 d:- ref:0 ;
in:1642 out:1642 type:B dur:2 cpbdur:2 q:24.54 aq:18.17 tex:9233 mv:3398 misc:4001 imb:34 pmb:881 smb:7245 d:- ref:0 ;
in:1641 out:1643 type:b dur:2 cpbdur:2 q:24.54 aq:18.66 tex:2120 mv:1111 misc:2081 imb:18 pmb:327 smb:7815 d:- ref:0 ;
in:1643 out:1644 type:b dur:2 cpbdur:2 q:24.54 aq:19.20 tex:2518 mv:1176 misc:2058 imb:14 pmb:343 smb:7803 d:- ref:0 ;
in:1648 out:1645 type:P dur:2 cpbdur:2 q:24.48 aq:15.07 tex:173927 mv:30423 misc:6706 imb:443 pmb:5033 smb:2684 d:- ref:0 ;
in:1646 out:1646 type:B dur:2 cpbdur:2 q:24.51 aq:17.79 tex:9439 mv:4276 misc:4405 imb:37 pmb:985 smb:7138 d:- ref:0 ;
in:1645 out:1647 type:b dur:2 cpbdur:2 q:24.52 aq:18.58 tex:2385 mv:1075 misc:2012 imb:14 pmb:340 smb:7806 d:- ref:0 ;
in:1647 out:1648 type:b dur:2 cpbdur:2 q:24.50 aq:18.59 tex:3091 mv:1323 misc:2034 imb:30 pmb:337 smb:7793 d:- ref:0 ;
in:1652 out:1649 type:P dur:2 cpbdur:2 q:24.48 aq:15.32 tex:190712 mv:30800 misc:6728 imb:514 pmb:5023 smb:2623 d:- ref:0 ;
in:1650 out:1650 type:B dur:2 cpbdur:2 q:24.48 aq:18.05 tex:8009 mv:3069 misc:3706 imb:34 pmb:809 smb:7317 d:- ref:0 ;
in:1649 out:1651 type:b dur:2 cpbdur:2 q:24.48 aq:19.16 tex:2724 mv:1060 misc:2064 imb:12 pmb:351 smb:7797 d:- ref:0 ;
in:1651 out:1652 type:b dur:2 cpbdur:2 q:24.48 aq:18.81 tex:2249 mv:1053 misc:2026 imb:14 pmb:342 smb:7804 d:- ref:0 ;
in:1656 out:1653 type:P dur:2 cpbdur:2 q:24.46 aq:14.90 tex:214122 mv:32591 misc:6463 imb:656 pmb:5111 smb:2393 d:- ref:0 ;
in:1654 out:1654 type:B dur:2 cpbdur:2 q:24.47 aq:17.99 tex:37818 mv:6225 misc:4517 imb:61 pmb:1183 smb:6916 d:- ref:0 ;
in:1653 out:1655 type:b dur:2 cpbdur:2 q:24.48 aq:18.56 tex:6020 mv:1699 misc:2417 imb:20 pmb:457 smb:7683 d:- ref:0 ;
in:1655 out:1656 type:b dur:2 cpbdur:2 q:24.47 aq:19.49 tex:10183 mv:2623 misc:2114 imb:117 pmb:424 smb:7619 d:- ref:0 ;
in:1660 out:1657 type:P dur:2 cpbdur:2 q:24.46 aq:15.00 tex:192072 mv:31059 misc:6717 imb:482 pmb:5075 smb:2603 d:- ref:0 ;
in:1658 out:1658 type:B dur:2 cpbdur:2 q:24.46 aq:18.11 tex:10073 mv:3829 misc:4306 imb:23 pmb:992 smb:7145 d:- ref:0 ;
in:1657 out:1659 type:b dur:2 cpbdur:2 q:24.46 aq:19.39 tex:11078 mv:1880 misc:2050 imb:17 pmb:372 smb:7771 d:- ref:0 ;
in:1659 out:1660 type:b dur:2 cpbdur:2 q:24.46 aq:18.81 tex:2498 mv:1176 misc:2022 imb:16 pmb:331 smb:7813 d:- ref:0 ;
in:1664 out:1661 type:P dur:2 cpbdur:2 q:24.45 aq:15.04 tex:175036 mv:30235 misc:6841 imb:411 pmb:5097 smb:2652 d:- ref:0 ;
in:1662 out:1662 type:B dur:2 cpbdur:2 q:24.46 aq:17.86 tex:6690 mv:3021 misc:3641 imb:18 pmb:797 smb:7345 d:- ref:0 ;
in:1661 out:1663 type:b dur:2 cpbdur:2 q:24.46 aq:19.24 tex:1966 mv:946 misc:2008 imb:12 pmb:332 smb:7816 d:- ref:0 ;
in:1663 out:1664 type:b dur:2 cpbdur:2 q:24.45 aq:19.44 tex:1977 mv:1094 misc:2017 imb:6 pmb:372 smb:7782 d:- ref:0 ;
in:1668 out:1665 type:P dur:2 cpbdur:2 q:24.45 aq:14.89 tex:178876 mv:30674 misc:6826 imb:511 pmb:5041 smb:2608 d:- ref:0 ;
in:1666 out:1666 type:B dur:2 cpbdur:2 q:24.45 aq:18.24 tex:10719 mv:4477 misc:4348 imb:33 pmb:1016 smb:7111 d:- ref:0 ;
in:1665 out:1667 type:b dur:2 cpbdur:2 q:24.45 aq:18.05 tex:2222 mv:1339 misc:2183 imb:20 pmb:383 smb:7757 d:- ref:0 ;
in:1667 out:1668 type:b dur:2 cpbdur:2 q:24.45 aq:19.86 tex:2513 mv:1101 misc:1946 imb:11 pmb:301 smb:7848 d:- ref:0 ;
in:1672 out:1669 type:P dur:2 cpbdur:2 q:24.42 aq:15.06 tex:202119 mv:31033 misc:6640 imb:529 pmb:5096 smb:2535 d:- ref:0 ;
in:1670 out:1670 type:B dur:2 cpbdur:2 q:24.43 aq:17.86 tex:16094 mv:4521 misc:4297 imb:84 pmb:988 smb:7088 d:- ref:0 ;
in:1669 out:1671 type:b dur:2 cpbdur:2 q:24.44 aq:18.18 tex:2028 mv:1165 misc:2207 imb:6 pmb:387 smb:7767 d:- ref:0 ;
in:1671 out:1672 type:b dur:2 cpbdur:2 q:24.43 aq:18.30 tex:13242 mv:2124 misc:2178 imb:13 pmb:443 smb:7704 d:- ref:0 ;
in:1676 out:1673 type:P dur:2 cpbdur:2 q:24.42 aq:15.10 tex:185686 mv:30289 misc:6729 imb:452 pmb:5050 smb:2658 d:- ref:0 ;
in:1674 out:1674 type:B dur:2 cpbdur:2 q:24.42 aq:17.77 tex:8536 mv:3399 misc:3913 imb:30 pmb:887 smb:7243 d:- ref:0 ;
in:1673 out:1675 type:b dur:2 cpbdur:2 q:24.42 aq:18.45 tex:3052 mv:1638 misc:2334 imb:10 pmb:492 smb:7658 d:- ref:0 ;
in:1675 out:1676 type:b dur:2 cpbdur:2 q:24.42 aq:17.57 tex:1972 mv:847 misc:1789 imb:9 pmb:262 smb:7889 d:- ref:0 ;
in:1680 out:1677 type:P dur:2 cpbdur:2 q:24.37 aq:15.11 tex:192526 mv:31507 misc:6487 imb:518 pmb:5177 smb:2465 d:- ref:0 ;
in:1678 out:1678 type:B dur:2 cpbdur:2 q:24.40 aq:17.93 tex:8419 mv:3756 misc:4297 imb:33 pmb:959 smb:7168 d:- ref:0 ;
in:1677 out:1679 type:b dur:2 cpbdur:2 q:24.41 aq:18.72 tex:3271 mv:1304 misc:2145 imb:14 pmb:384 smb:7762 d:- ref:0 ;
in:1679 out:1680 type:b dur:2 cpbdur:2 q:24.38 aq:18.62 tex:3084 mv:1448 misc:2156 imb:13 pmb:385 smb:7762 d:- ref:0 ;
in:1684 out:1681 type:P dur:2 cpbdur:2 q:24.37 aq:15.05 tex:192309 mv:31953 misc:6514 imb:629 pmb:5061 smb:2470 d:- ref:0 ;
in:1682 out:1682 type:B dur:2 cpbdur:2 q:24.37 aq:17.60 tex:8809 mv:4652 misc:4587 imb:41 pmb:1115 smb:7004 d:- ref:0 ;
in:1681 out:1683 type:b dur:2 cpbdur:2 q:24.37 aq:19.25 tex:2513 mv:1197 misc:2234 imb:16 pmb:369 smb:7775 d:- ref:0 ;
in:1683 out:1684 type:b dur:2 cpbdur:2 q:24.37 aq:19.07 tex:18581 mv:3408 misc:2275 imb:117 pmb:475 smb:7568 d:- ref:0 ;
in:1688 out:1685 type:P dur:2 cpbdur:2 q:24.37 aq:14.94 tex:190203 mv:31209 misc:6788 imb:582 pmb:5072 smb:2506 d:- ref:0 ;
in:1686 out:1686 type:B dur:2 cpbdur:2 q:24.37 aq:17.98 tex:7781 mv:3734 misc:3885 imb:35 pmb:868 smb:7257 d:- ref:0 ;
in:1685 out:1687 type:b dur:2 cpbdur:2 q:24.37 aq:19.49 tex:3798 mv:1557 misc:2277 imb:18 pmb:441 smb:7701 d:- ref:0 ;
in:1687 out:1688 type:b dur:2 cpbdur:2 q:24.37 aq:18.18 tex:2204 mv:1121 misc:1931 imb:11 pmb:318 smb:7831 d:- ref:0 ;
in:1692 out:1689 type:P dur:2 cpbdur:2 q:24.36 aq:15.10 tex:173449 mv:30518 misc:6625 imb:486 pmb:5087 smb:2587 d:- ref:0 ;
in:1690 out:1690 type:B dur:2 cpbdur:2 q:24.37 aq:18.20 tex:9093 mv:4301 misc:4382 imb:30 pmb:996 smb:7134 d:- ref:0 ;
in:1689 out:1691 type:b dur:2 cpbdur:2 q:24.37 aq:19.23 tex:2539 mv:1205 misc:2144 imb:14 pmb:352 smb:7794 d:- ref:0 ;
in:1691 out:1692 type:b dur:2 cpbdur:2 q:24.37 aq:18.83 tex:3310 mv:1122 misc:2112 imb:10 pmb:374 smb:7776 d:- ref:0 ;
in:1696 out:1693 type:P dur:2 cpbdur:2 q:24.31 aq:15.00 tex:175477 mv:31272 misc:6731 imb:552 pmb:5066 smb:2542 d:- ref:0 ;
in:1694 out:1694 type:B dur:2 cpbdur:2 q:24.34 aq:17.75 tex:11298 mv:4591 misc:4631 imb:41 pmb:1102 smb:7017 d:- ref:0 ;
in:1693 out:1695 type:b dur:2 cpbdur:2 q:24.35 aq:19.02 tex:5387 mv:1786 misc:2451 imb:27 pmb:478 smb:7655 d:- ref:0 ;
in:1695 out:1696 type:b dur:2 cpbdur:2 q:24.33 aq:18.28 tex:2279 mv:1192 misc:2129 imb:12 pmb:357 smb:7791 d:- ref:0 ;
in:1700 out:1697 type:P dur:2 cpbdur:2 q:24.32 aq:15.22 tex:176029 mv:31059 misc:6832 imb:492 pmb:4996 smb:2672 d:- ref:0 ;
in:1698 out:1698 type:B dur:2 cpbdur:2 q:24.32 aq:18.19 tex:18378 mv:4212 misc:3938 imb:40 pmb:893 smb:7227 d:- ref:0 ;
in:1697 out:1699 type:b dur:2 cpbdur:2 q:24.31 aq:18.63 tex:4688 mv:1793 misc:2143 imb:57 pmb:368 smb:7735 d:- ref:0 ;
in:1699 out:1700 type:b dur:2 cpbdur:2 q:24.32 aq:17.99 tex:2533 mv:1112 misc:2187 imb:11 pmb:373 smb:7776 d:- ref:0 ;
in:1704 out:1701 type:P dur:2 cpbdur:2 q:24.31 aq:15.32 tex:154005 mv:29970 misc:6897 imb:476 pmb:4945 smb:2739 d:- ref:0 ;
in:1702 out:1702 type:B dur:2 cpbdur:2 q:24.31 aq:17.94 tex:10990 mv:4372 misc:4454 imb:44 pmb:1035 smb:7081 d:- ref:0 ;
in:1701 out:1703 type:b dur:2 cpbdur:2 q:24.32 aq:18.03 tex:2686 mv:1388 misc:2502 imb:15 pmb:443 smb:7702 d:- ref:0 ;
in:1703 out:1704 type:b dur:2 cpbdur:2 q:24.31 aq:18.89 tex:1938 mv:1118 misc:1944 imb:13 pmb:339 smb:7808 d:- ref:0 ;
in:1708 out:1705 type:P dur:2 cpbdur:2 q:24.27 aq:15.55 tex:165209 mv:31080 misc:6935 imb:498 pmb:4937 smb:2725 d:- ref:0 ;
in:1706 out:1706 type:B dur:2 cpbdur:2 q:24.29 aq:18.19 tex:12209 mv:4629 misc:4618 imb:53 pmb:1099 smb:7008 d:- ref:0 ;
in:1705 out:1707 type:b dur:2 cpbdur:2 q:24.30 aq:18.23 tex:1937 mv:999 misc:2024 imb:14 pmb:313 smb:7833 d:- ref:0 ;
in:1707 out:1708 type:b dur:2 cpbdur:2 q:24.28 aq:18.59 tex:9201 mv:2288 misc:2591 imb:23 pmb:519 smb:7618 d:- ref:0 ;
in:1712 out:1709 type:P dur:2 cpbdur:2 q:24.22 aq:15.93 tex:111965 mv:27807 misc:7196 imb:436 pmb:4535 smb:3189 d:- ref:0 ;
in:1710 out:1710 type:B dur:2 cpbdur:2 q:24.24 aq:17.70 tex:7943 mv:3536 misc:4097 imb:34 pmb:874 smb:7252 d:- ref:0 ;
in:1709 out:1711 type:b dur:2 cpbdur:2 q:24.26 aq:18.39 tex:2880 mv:1250 misc:2270 imb:13 pmb:386 smb:7761 d:- ref:0 ;
in:1711 out:1712 type:b dur:2 cpbdur:2 q:24.23 aq:17.90 tex:2293 mv:1198 misc:2213 imb:11 pmb:350 smb:7799 d:- ref:0 ;
in:1716 out:1713 type:P dur:2 cpbdur:2 q:24.19 aq:16.89 tex:81858 mv:25675 misc:7563 imb:411 pmb:4114 smb:3635 d:- ref:0 ;
in:1714 out:1714 type:B dur:2 cpbdur:2 q:24.20 aq:18.12 tex:12110 mv:4468 misc:4942 imb:31 pmb:1182 smb:6947 d:- ref:0 ;
in:1713 out:1715 type:b dur:2 cpbdur:2 q:24.21 aq:18.50 tex:3463 mv:1598 misc:2667 imb:24 pmb:477 smb:7659 d:- ref:0 ;
in:1715 out:1716 type:b dur:2 cpbdur:2 q:24.20 aq:18.76 tex:2717 mv:1155 misc:2152 imb:13 pmb:348 smb:7799 d:- ref:0 ;
in:1720 out:1717 type:P dur:2 cpbdur:2 q:24.13 aq:17.56 tex:188991 mv:27320 misc:7017 imb:1080 pmb:3112 smb:3968 d:- ref:0 ;
in:1718 out:1718 type:B dur:2 cpbdur:2 q:24.16 aq:18.19 tex:33769 mv:6999 misc:5416 imb:86 pmb:1409 smb:6665 d:- ref:0 ;
in:1717 out:1719 type:b dur:2 cpbdur:2 q:24.18 aq:19.53 tex:11205 mv:2390 misc:2685 imb:46 pmb:508 smb:7606 d:- ref:0 ;
in:1719 out:1720 type:b dur:2 cpbdur:2 q:24.14 aq:19.42 tex:9911 mv:2237 misc:2772 imb:42 pmb:516 smb:7602 d:- ref:0 ;
in:1722 out:1721 type:P dur:2 cpbdur:2 q:24.10 aq:18.22 tex:71931 mv:17395 misc:5306 imb:876 pmb:1643 smb:5641 d:- ref:0 ;
in:1721 out:1722 type:b dur:2 cpbdur:2 q:24.11 aq:18.38 tex:5099 mv:2129 misc:2436 imb:36 pmb:430 smb:7694 d:- ref:0 ;
in:1726 out:1723 type:P dur:2 cpbdur:2 q:24.09 aq:18.57 tex:526677 mv:48947 misc:992 imb:6638 pmb:1426 smb:96 d:- ref:0 ;
in:1724 out:1724 type:B dur:2 cpbdur:2 q:24.10 aq:17.47 tex:77041 mv:24912 misc:7087 imb:1526 pmb:2565 smb:4069 d:- ref:0 ;
in:1723 out:1725 type:b dur:2 cpbdur:2 q:24.10 aq:17.60 tex:46087 mv:22552 misc:7329 imb:1155 pmb:2317 smb:4688 d:- ref:0 ;
in:1725 out:1726 type:b dur:2 cpbdur:2 q:24.09 aq:17.65 tex:46265 mv:20433 misc:6806 imb:936 pmb:2251 smb:4973 d:- ref:0 ;
in:1727 out:1727 type:P dur:2 cpbdur:2 q:24.19 aq:18.28 tex:434221 mv:56958 misc:1485 imb:4629 pmb:3368 smb:163 d:- ref:0 w:6,63,4 ;
in:1728 out:1728 type:I dur:2 cpbdur:2 q:21.32 aq:12.33 tex:839332 mv:258097 misc:771 imb:8160 pmb:0 smb:0 d:- ref:w:6,63,4 ;
in:1731 out:1729 type:P dur:2 cpbdur:2 q:24.75 aq:15.00 tex:229696 mv:26651 misc:7405 imb:723 pmb:4074 smb:3363 d:- ref:0 ;
in:1729 out:1730 type:B dur:2 cpbdur:2 q:24.75 aq:17.74 tex:12067 mv:3827 misc:3586 imb:41 pmb:778 smb:7341 d:- ref:0 ;
in:1730 out:1731 type:b dur:2 cpbdur:2 q:24.75 aq:18.25 tex:6508 mv:2665 misc:2507 imb:45 pmb:457 smb:7658 d:- ref:0 ;
in:1735 out:1732 type:P dur:2 cpbdur:2 q:24.86 aq:14.94 tex:119342 mv:30855 misc:7531 imb:385 pmb:4952 smb:2823 d:- ref:0 ;
in:1733 out:1733 type:B dur:2 cpbdur:2 q:24.81 aq:16.70 tex:10129 mv:3938 misc:4309 imb:27 pmb:1003 smb:7130 d:- ref:0 ;
in:1732 out:1734 type:b dur:2 cpbdur:2 q:24.78 aq:18.55 tex:4442 mv:2125 misc:2625 imb:13 pmb:579 smb:7568 d:- ref:0 ;
in:1734 out:1735 type:b dur:2 cpbdur:2 q:24.84 aq:17.22 tex:4004 mv:1192 misc:2140 imb:15 pmb:349 smb:7796 d:- ref:0 ;
in:1739 out:1736 type:P dur:2 cpbdur:2 q:24.94 aq:15.21 tex:148631 mv:28556 misc:7597 imb:401 pmb:4662 smb:3097 d:- ref:0 ;
in:1737 out:1737 type:B dur:2 cpbdur:2 q:24.90 aq:17.73 tex:7023 mv:2859 misc:3550 imb:10 pmb:743 smb:7407 d:- ref:0 ;
in:1736 out:1738 type:b dur:2 cpbdur:2 q:24.88 aq:18.19 tex:3881 mv:1076 misc:2099 imb:6 pmb:330 smb:7824 d:- ref:0 ;
in:1738 out:1739 type:b dur:2 cpbdur:2 q:24.92 aq:18.56 tex:2733 mv:884 misc:1935 imb:5 pmb:304 smb:7851 d:- ref:0 ;
in:1743 out:1740 type:P dur:2 cpbdur:2 q:24.85 aq:15.20 tex:180472 mv:31263 misc:7281 imb:467 pmb:4859 smb:2834 d:- ref:0 ;
in:1741 out:1741 type:B dur:2 cpbdur:2 q:24.89 aq:16.71 tex:7219 mv:3261 misc:4168 imb:23 pmb:876 smb:7261 d:- ref:0 ;
in:1740 out:1742 type:b dur:2 cpbdur:2 q:24.92 aq:18.94 tex:2541 mv:1131 misc:2152 imb:7 pmb:364 smb:7789 d:- ref:0 ;
in:1742 out:1743 type:b dur:2 cpbdur:2 q:24.87 aq:18.21 tex:2309 mv:954 misc:1993 imb:10 pmb:303 smb:7847 d:- ref:0 ;
in:1747 out:1744 type:P dur:2 cpbdur:2 q:24.85 aq:15.15 tex:144063 mv:32863 misc:7250 imb:402 pmb:5180 smb:2578 d:- ref:0 ;
in:1745 out:1745 type:B dur:2 cpbdur:2 q:24.85 aq:17.71 tex:10160 mv:4293 misc:4323 imb:25 pmb:1017 smb:7118 d:- ref:0 ;
in:1744 out:1746 type:b dur:2 cpbdur:2 q:24.85 aq:18.17 tex:2676 mv:1334 misc:2334 imb:6 pmb:412 smb:7742 d:- ref:0 ;
in:1746 out:1747 type:b dur:2 cpbdur:2 q:24.85 aq:18.63 tex:3251 mv:1395 misc:2274 imb:10 pmb:418 smb:7732 d:- ref:0 ;
in:1751 out:1748 type:P dur:2 cpbdur:2 q:24.79 aq:15.14 tex:141266 mv:30812 misc:7378 imb:359 pmb:5049 smb:2752 d:- ref:0 ;
in:1749 out:1749 type:B dur:2 cpbdur:2 q:24.82 aq:17.32 tex:6087 mv:2865 misc:3984 imb:17 pmb:838 smb:7305 d:- ref:0 ;
in:1748 out:1750 type:b dur:2 cpbdur:2 q:24.83 aq:18.02 tex:2309 mv:1139 misc:2304 imb:7 pmb:407 smb:7746 d:- ref:0 ;
in:1750 out:1751 type:b dur:2 cpbdur:2 q:24.81 aq:18.61 tex:2460 mv:1017 misc:2147 imb:5 pmb:348 smb:7807 d:- ref:0 ;
in:1755 out:1752 type:P dur:2 cpbdur:2 q:24.76 aq:15.18 tex:149868 mv:33784 misc:6948 imb:488 pmb:5350 smb:2322 d:- ref:0 ;
in:1753 out:1753 type:B dur:2 cpbdur:2 q:24.78 aq:17.83 tex:9791 mv:4379 misc:4878 imb:29 pmb:1146 smb:6985 d:- ref:0 ;
in:1752 out:1754 type:b dur:2 cpbdur:2 q:24.78 aq:17.96 tex:2690 mv:1103 misc:2263 imb:11 pmb:357 smb:7792 d:- ref:0 ;
in:1754 out:1755 type:b dur:2 cpbdur:2 q:24.77 aq:17.14 tex:2412 mv:1150 misc:2558 imb:11 pmb:464 smb:7685 d:- ref:0 ;
in:1759 out:1756 type:P dur:2 cpbdur:2 q:24.71 aq:14.96 tex:139623 mv:32479 misc:7018 imb:414 pmb:5183 smb:2563 d:- ref:0 ;
in:1757 out:1757 type:B dur:2 cpbdur:2 q:24.74 aq:17.05 tex:7844 mv:3587 misc:4497 imb:22 pmb:982 smb:7156 d:- ref:0 ;
in:1756 out:1758 type:b dur:2 cpbdur:2 q:24.75 aq:17.99 tex:2722 mv:992 misc:2206 imb:5 pmb:357 smb:7798 d:- ref:0 ;
in:1758 out:1759 type:b dur:2 cpbdur:2 q:24.73 aq:18.45 tex:2559 mv:1031 misc:2266 imb:8 pmb:380 smb:7772 d:- ref:0 ;
in:1763 out:1760 type:P dur:2 cpbdur:2 q:24.71 aq:15.04 tex:163253 mv:33477 misc:6878 imb:454 pmb:5289 smb:2417 d:- ref:0 ;
in:1761 out:1761 type:B dur:2 cpbdur:2 q:24.71 aq:17.65 tex:7846 mv:3405 misc:4277 imb:17 pmb:954 smb:7189 d:- ref:0 ;
in:1760 out:1762 type:b dur:2 cpbdur:2 q:24.71 aq:19.26 tex:3528 mv:1913 misc:2623 imb:10 pmb:586 smb:7564 d:- ref:0 ;
in:1762 out:1763 type:b dur:2 cpbdur:2 q:24.71 aq:18.35 tex:2891 mv:980 misc:2185 imb:9 pmb:342 smb:7809 d:- ref:0 ;
in:1767 out:1764 type:P dur:2 cpbdur:2 q:24.65 aq:15.10 tex:161947 mv:33884 misc:6929 imb:463 pmb:5373 smb:2324 d:- ref:0 ;
in:1765 out:1765 type:B dur:2 cpbdur:2 q:24.68 aq:17.81 tex:10339 mv:4468 misc:4713 imb:29 pmb:1097 smb:7034 d:- ref:0 ;
in:1764 out:1766 type:b dur:2 cpbdur:2 q:24.69 aq:18.37 tex:3476 mv:1249 misc:2467 imb:12 pmb:454 smb:7694 d:- ref:0 ;
in:1766 out:1767 type:b dur:2 cpbdur:2 q:24.66 aq:18.42 tex:2799 mv:1066 misc:2335 imb:9 pmb:388 smb:7763 d:- ref:0 ;
in:1771 out:1768 type:P dur:2 cpbdur:2 q:24.64 aq:15.07 tex:147553 mv:33260 misc:6827 imb:489 pmb:5239 smb:2432 d:- ref:0 ;
in:1769 out:1769 type:B dur:2 cpbdur:2 q:24.65 aq:17.72 tex:8902 mv:4386 misc:4800 imb:34 pmb:1109 smb:7017 d:- ref:0 ;
in:1768 out:1770 type:b dur:2 cpbdur:2 q:24.65 aq:17.67 tex:2691 mv:1198 misc:2375 imb:15 pmb:392 smb:7753 d:- ref:0 ;
in:1770 out:1771 type:b dur:2 cpbdur:2 q:24.65 aq:18.11 tex:2906 mv:1334 misc:2448 imb:9 pmb:452 smb:7699 d:- ref:0 ;
in:1775 out:1772 type:P dur:2 cpbdur:2 q:24.60 aq:15.16 tex:142993 mv:32368 misc:7135 imb:439 pmb:5261 smb:2460 d:- ref:0 ;
in:1773 out:1773 type:B dur:2 cpbdur:2 q:24.62 aq:17.30 tex:6561 mv:2943 misc:4032 imb:16 pmb:847 smb:7297 d:- ref:0 ;
in:1772 out:1774 type:b dur:2 cpbdur:2 q:24.63 aq:18.20 tex:2853 mv:1009 misc:2138 imb:10 pmb:336 smb:7814 d:- ref:0 ;
in:1774 out:1775 type:b dur:2 cpbdur:2 q:24.61 aq:18.73 tex:2881 mv:1101 misc:2210 imb:12 pmb:358 smb:7790 d:- ref:0 ;
in:1779 out:1776 type:P dur:2 cpbdur:2 q:24.59 aq:15.22 tex:140199 mv:33328 misc:7057 imb:458 pmb:5226 smb:2476 d:- ref:0 ;
in:1777 out:1777 type:B dur:2 cpbdur:2 q:24.60 aq:17.57 tex:10143 mv:4507 misc:4638 imb:20 pmb:1109 smb:7031 d:- ref:0 ;
in:1776 out:1778 type:b dur:2 cpbdur:2 q:24.60 aq:18.78 tex:3174 mv:1703 misc:2747 imb:9 pmb:576 smb:7575 d:- ref:0 ;
in:1778 out:1779 type:b dur:2 cpbdur:2 q:24.59 aq:18.87 tex:3147 mv:1178 misc:2427 imb:6 pmb:417 smb:7737 d:- ref:0 ;
in:1783 out:1780 type:P dur:2 cpbdur:2 q:24.54 aq:15.38 tex:136702 mv:32863 misc:7011 imb:458 pmb:5247 smb:2455 d:- ref:0 ;
in:1781 out:1781 type:B dur:2 cpbdur:2 q:24.56 aq:17.27 tex:9854 mv:5214 misc:5244 imb:42 pmb:1274 smb:6844 d:- ref:0 ;
in:1780 out:1782 type:b dur:2 cpbdur:2 q:24.58 aq:18.06 tex:2924 mv:1247 misc:2485 imb:13 pmb:409 smb:7738 d:- ref:0 ;
in:1782 out:1783 type:b dur:2 cpbdur:2 q:24.55 aq:17.96 tex:3279 mv:1516 misc:2757 imb:8 pmb:515 smb:7637 d:- ref:0 ;
in:1787 out:1784 type:P dur:2 cpbdur:2 q:24.52 aq:15.68 tex:109246 mv:30585 misc:7497 imb:421 pmb:4922 smb:2817 d:- ref:0 ;
in:1785 out:1785 type:B dur:2 cpbdur:2 q:24.53 aq:17.33 tex:7482 mv:2777 misc:4125 imb:29 pmb:835 smb:7296 d:- ref:0 ;
in:1784 out:1786 type:b dur:2 cpbdur:2 q:24.53 aq:19.28 tex:3037 mv:1029 misc:2310 imb:3 pmb:398 smb:7759 d:- ref:0 ;
in:1786 out:1787 type:b dur:2 cpbdur:2 q:24.52 aq:18.44 tex:3312 mv:1153 misc:2415 imb:8 pmb:407 smb:7745 d:- ref:0 ;
in:1791 out:1788 type:P dur:2 cpbdur:2 q:24.45 aq:16.12 tex:106395 mv:29780 misc:7593 imb:422 pmb:4647 smb:3091 d:- ref:0 ;
in:1789 out:1789 type:B dur:2 cpbdur:2 q:24.49 aq:17.67 tex:11673 mv:5058 misc:5125 imb:38 pmb:1262 smb:6860 d:- ref:0 ;
in:1788 out:1790 type:b dur:2 cpbdur:2 q:24.50 aq:18.74 tex:3551 mv:1508 misc:2653 imb:13 pmb:471 smb:7676 d:- ref:0 ;
in:1790 out:1791 type:b dur:2 cpbdur:2 q:24.47 aq:18.37 tex:3501 mv:1673 misc:2818 imb:14 pmb:552 smb:7594 d:- ref:0 ;
in:1795 out:1792 type:P dur:2 cpbdur:2 q:24.43 aq:16.83 tex:71923 mv:26745 misc:7884 imb:401 pmb:4024 smb:3735 d:- ref:0 ;
in:1793 out:1793 type:B dur:2 cpbdur:2 q:24.44 aq:18.01 tex:12828 mv:5214 misc:5494 imb:30 pmb:1387 smb:6743 d:- ref:0 ;
in:1792 out:1794 type:b dur:2 cpbdur:2 q:24.45 aq:18.65 tex:2997 mv:1169 misc:2450 imb:10 pmb:386 smb:7764 d:- ref:0 ;
in:1794 out:1795 type:b dur:2 cpbdur:2 q:24.43 aq:19.04 tex:3773 mv:1705 misc:3050 imb:11 pmb:600 smb:7549 d:- ref:0 ;
in:1799 out:1796 type:P dur:2 cpbdur:2 q:24.35 aq:19.51 tex:19108 mv:9243 misc:5585 imb:196 pmb:1386 smb:6578 d:- ref:0 ;
in:1797 out:1797 type:B dur:2 cpbdur:2 q:24.39 aq:18.50 tex:14570 mv:5061 misc:5001 imb:38 pmb:1173 smb:6949 d:- ref:0 ;
in:1796 out:1798 type:b dur:2 cpbdur:2 q:24.41 aq:18.24 tex:3413 mv:1651 misc:2632 imb:24 pmb:450 smb:7686 d:- ref:0 ;
in:1798 out:1799 type:b dur:2 cpbdur:2 q:24.37 aq:18.86 tex:4164 mv:1857 misc:2899 imb:22 pmb:502 smb:7636 d:- ref:0 ;
